{
  "type": "FeatureCollection",
  "features": [
    {
      "type": "Feature",
      "id": 119,
      "geometry": {
        "type": "Polygon",
        "coordinates": [
          [
            [
              -43.45889893943134,
              -22.991889301280217
            ],
            [
              -43.458956498816164,
              -22.991900543340222
            ],
            [
              -43.45897341598954,
              -22.991867162542313
            ],
            [
              -43.45898911472651,
              -22.991810753046828
            ],
            [
              -43.459099556072374,
              -22.991829451769583
            ],
            [
              -43.45908522447458,
              -22.99188556390502
            ],
            [
              -43.45915589869521,
              -22.991897195376897
            ],
            [
              -43.45907663157022,
              -22.99206716669848
            ],
            [
              -43.45895900582316,
              -22.992029885963337
            ],
            [
              -43.45892523490838,
              -22.99214983724442
            ],
            [
              -43.459046778363934,
              -22.992181438486927
            ],
            [
              -43.459024738287894,
              -22.99224736114049
            ],
            [
              -43.45895872669119,
              -22.992472415101485
            ],
            [
              -43.45901606668125,
              -22.992474733122897
            ],
            [
              -43.459008872936636,
              -22.99253021296176
            ],
            [
              -43.4589786806734,
              -22.992629736234548
            ],
            [
              -43.458953441042034,
              -22.992705871797664
            ],
            [
              -43.458914849721815,
              -22.99274240492015
            ],
            [
              -43.45890376790601,
              -22.99280920361725
            ],
            [
              -43.45889590474389,
              -22.992829377704414
            ],
            [
              -43.45888802776823,
              -22.99286941661665
            ],
            [
              -43.45891941096259,
              -22.99287751134013
            ],
            [
              -43.45891375207217,
              -22.99293329239049
            ],
            [
              -43.45886114724896,
              -22.992925874435205
            ],
            [
              -43.458831322317614,
              -22.993052227424833
            ],
            [
              -43.45884588601507,
              -22.99315597921338
            ],
            [
              -43.458768151505986,
              -22.993160335392524
            ],
            [
              -43.45872903047794,
              -22.993286904054834
            ],
            [
              -43.45867425837164,
              -22.993280397862666
            ],
            [
              -43.45862410024333,
              -22.993225183597
            ],
            [
              -43.45860150678076,
              -22.993220040842147
            ],
            [
              -43.4585686375399,
              -22.99321051369822
            ],
            [
              -43.45851883894765,
              -22.993329662238963
            ],
            [
              -43.458470688557064,
              -22.993308285576493
            ],
            [
              -43.45852663073179,
              -22.993198337285975
            ],
            [
              -43.4585237340541,
              -22.993155849059917
            ],
            [
              -43.458643008206714,
              -22.99275346827153
            ],
            [
              -43.458622018380915,
              -22.992749368874776
            ],
            [
              -43.45889893943134,
              -22.991889301280217
            ]
          ]
        ]
      },
      "properties": {
        "objectid": 119,
        "cod_favela": 1012,
        "nome": "Comunidade Luz Divina",
        "bairro": "Vargem Pequena",
        "complexo": "Isolada"
      }
    },
    {
      "type": "Feature",
      "id": 120,
      "geometry": {
        "type": "Polygon",
        "coordinates": [
          [
            [
              -43.49747336716077,
              -22.989848226942964
            ],
            [
              -43.497478737211665,
              -22.989800265756504
            ],
            [
              -43.49764086296408,
              -22.9898123085921
            ],
            [
              -43.4977565108594,
              -22.98963401056107
            ],
            [
              -43.49788487034785,
              -22.98965707442131
            ],
            [
              -43.49788702864282,
              -22.989628454869436
            ],
            [
              -43.49806204024916,
              -22.9896558471053
            ],
            [
              -43.49829028186157,
              -22.989688434610514
            ],
            [
              -43.498261152712026,
              -22.98981319214023
            ],
            [
              -43.49817567927493,
              -22.9898102034961
            ],
            [
              -43.49816942815969,
              -22.98990821317813
            ],
            [
              -43.49820142147821,
              -22.989908516485926
            ],
            [
              -43.49820737903523,
              -22.98985318769047
            ],
            [
              -43.49826695180002,
              -22.989859598393135
            ],
            [
              -43.49826334055386,
              -22.989920724943065
            ],
            [
              -43.498624295104065,
              -22.9899313912304
            ],
            [
              -43.49860481239263,
              -22.990020271342757
            ],
            [
              -43.49833897856151,
              -22.99000528211784
            ],
            [
              -43.49832490451827,
              -22.990070714949862
            ],
            [
              -43.49823874878457,
              -22.99007198443891
            ],
            [
              -43.49816889401364,
              -22.990104059709115
            ],
            [
              -43.4980711611843,
              -22.990117859537946
            ],
            [
              -43.49804531303115,
              -22.99021115240702
            ],
            [
              -43.49793840977303,
              -22.99017881918739
            ],
            [
              -43.49794595972732,
              -22.99011200055175
            ],
            [
              -43.497957262890836,
              -22.990043809524654
            ],
            [
              -43.49797167363947,
              -22.989914266819746
            ],
            [
              -43.49793261893976,
              -22.989911132033097
            ],
            [
              -43.49773900024064,
              -22.989815630756414
            ],
            [
              -43.497696860034864,
              -22.989984258874266
            ],
            [
              -43.497617355969176,
              -22.98998007931413
            ],
            [
              -43.49763649108791,
              -22.989916060087587
            ],
            [
              -43.497464823145236,
              -22.989890876528396
            ],
            [
              -43.49747336716077,
              -22.989848226942964
            ]
          ]
        ]
      },
      "properties": {
        "objectid": 120,
        "cod_favela": 1011,
        "nome": "Rua Zenitildes Alves Meira, nº L33",
        "bairro": "Vargem Grande",
        "complexo": "Isolada"
      }
    },
    {
      "type": "Feature",
      "id": 155,
      "geometry": {
        "type": "Polygon",
        "coordinates": [
          [
            [
              -43.48105059328915,
              -23.029073933856207
            ],
            [
              -43.481019224110995,
              -23.029250456264556
            ],
            [
              -43.480418438827684,
              -23.029095066920362
            ],
            [
              -43.480508376974434,
              -23.02872171689046
            ],
            [
              -43.480521370096625,
              -23.02869795688095
            ],
            [
              -43.4806006173871,
              -23.028715224300797
            ],
            [
              -43.48052532059754,
              -23.02894393774228
            ],
            [
              -43.48054561364399,
              -23.02894895981861
            ],
            [
              -43.48086664584775,
              -23.029028409685186
            ],
            [
              -43.48088803147566,
              -23.02896407720749
            ],
            [
              -43.48095267230428,
              -23.028982704286094
            ],
            [
              -43.48093728676268,
              -23.029045892333784
            ],
            [
              -43.48105059328915,
              -23.029073933856207
            ]
          ]
        ]
      },
      "properties": {
        "objectid": 155,
        "cod_favela": 974,
        "nome": "Avenida Guiomar Novaes",
        "bairro": "Recreio dos Bandeirantes",
        "complexo": "Isolada"
      }
    },
    {
      "type": "Feature",
      "id": 156,
      "geometry": {
        "type": "Polygon",
        "coordinates": [
          [
            [
              -43.501970368298956,
              -23.02315380032723
            ],
            [
              -43.501966981742186,
              -23.023388042841773
            ],
            [
              -43.50172894654715,
              -23.023343841653084
            ],
            [
              -43.501717467782804,
              -23.023380249970373
            ],
            [
              -43.501495478469735,
              -23.023348313997772
            ],
            [
              -43.50149322079051,
              -23.023306284607177
            ],
            [
              -43.50139690191764,
              -23.023283396662013
            ],
            [
              -43.50141218460118,
              -23.0231419068343
            ],
            [
              -43.50156745469359,
              -23.02306413063501
            ],
            [
              -43.501779061771074,
              -23.02312574516346
            ],
            [
              -43.501970368298956,
              -23.02315380032723
            ]
          ]
        ]
      },
      "properties": {
        "objectid": 156,
        "cod_favela": 973,
        "nome": "Estrada do Pontal, nº 3.561",
        "bairro": "Recreio dos Bandeirantes",
        "complexo": "Isolada"
      }
    },
    {
      "type": "Feature",
      "id": 426,
      "geometry": {
        "type": "MultiPolygon",
        "coordinates": [
          [
            [
              [
                -43.48136201024421,
                -22.978408749719385
              ],
              [
                -43.481398794206655,
                -22.978271306996778
              ],
              [
                -43.4815208758964,
                -22.978210831295048
              ],
              [
                -43.48172515294075,
                -22.978154769939724
              ],
              [
                -43.48250925477945,
                -22.978430616724918
              ],
              [
                -43.482919373330546,
                -22.978528825136213
              ],
              [
                -43.48300964163124,
                -22.978511558108952
              ],
              [
                -43.48309333562244,
                -22.978448265330012
              ],
              [
                -43.4832330020669,
                -22.978850932203024
              ],
              [
                -43.48293244230155,
                -22.980164359595236
              ],
              [
                -43.482838500974914,
                -22.980268223656644
              ],
              [
                -43.48292392993424,
                -22.980299483190418
              ],
              [
                -43.48287508705101,
                -22.980389923270167
              ],
              [
                -43.48284312016903,
                -22.98045839020838
              ],
              [
                -43.48274671865456,
                -22.98042461061144
              ],
              [
                -43.48262517267757,
                -22.980324596116787
              ],
              [
                -43.48240419974392,
                -22.980220854061624
              ],
              [
                -43.48217912838647,
                -22.98024048089249
              ],
              [
                -43.48219424102858,
                -22.980138273570862
              ],
              [
                -43.48221492371732,
                -22.980076877633962
              ],
              [
                -43.482155292594804,
                -22.980051111991457
              ],
              [
                -43.48213431426627,
                -22.98008711011251
              ],
              [
                -43.48199922395987,
                -22.980022944128816
              ],
              [
                -43.48204960372445,
                -22.979933882776013
              ],
              [
                -43.48180401786691,
                -22.97979555740722
              ],
              [
                -43.481758858209346,
                -22.979765932132523
              ],
              [
                -43.48172500650949,
                -22.979820169198003
              ],
              [
                -43.481670700224484,
                -22.979808375167742
              ],
              [
                -43.481633896411225,
                -22.979883864260483
              ],
              [
                -43.48155660688378,
                -22.97986638425911
              ],
              [
                -43.48152452102367,
                -22.97996412456713
              ],
              [
                -43.48144217418662,
                -22.97993703014826
              ],
              [
                -43.48150910811494,
                -22.979760938125033
              ],
              [
                -43.48137656599184,
                -22.97974059309666
              ],
              [
                -43.48133149025104,
                -22.979882168482053
              ],
              [
                -43.481311987636666,
                -22.97992243163792
              ],
              [
                -43.481208398134555,
                -22.979942490674972
              ],
              [
                -43.48113872486101,
                -22.97994182288644
              ],
              [
                -43.48115357346443,
                -22.979860244147247
              ],
              [
                -43.48118998152079,
                -22.979844780288875
              ],
              [
                -43.48119565466643,
                -22.979800265449786
              ],
              [
                -43.48107301261387,
                -22.979728036605703
              ],
              [
                -43.481090465558424,
                -22.979689466158888
              ],
              [
                -43.481023292270024,
                -22.979684968653938
              ],
              [
                -43.48095201020736,
                -22.979574867279258
              ],
              [
                -43.48079486422608,
                -22.97953958124651
              ],
              [
                -43.48068966835532,
                -22.979491184856705
              ],
              [
                -43.480690151595866,
                -22.97947771577134
              ],
              [
                -43.4806149513598,
                -22.979449804396342
              ],
              [
                -43.48056962730052,
                -22.97943604692933
              ],
              [
                -43.48051055887779,
                -22.979421770220764
              ],
              [
                -43.48049356275571,
                -22.979493700084472
              ],
              [
                -43.48049810746479,
                -22.979532129171922
              ],
              [
                -43.48040881980439,
                -22.97966273001523
              ],
              [
                -43.480346105209385,
                -22.979703305678296
              ],
              [
                -43.48029626245614,
                -22.97965341503437
              ],
              [
                -43.4802575956126,
                -22.97964923573738
              ],
              [
                -43.48014851174427,
                -22.97965744026229
              ],
              [
                -43.48014266856877,
                -22.979745720642583
              ],
              [
                -43.48002829564431,
                -22.979738264748644
              ],
              [
                -43.480023386625206,
                -22.979767890722638
              ],
              [
                -43.479913576452745,
                -22.979758357070654
              ],
              [
                -43.479905223877324,
                -22.97990569847685
              ],
              [
                -43.4797261782478,
                -22.97990091024516
              ],
              [
                -43.47972231605825,
                -22.97981467177026
              ],
              [
                -43.4797209330685,
                -22.979783805061608
              ],
              [
                -43.4796543876963,
                -22.97978299232879
              ],
              [
                -43.47964996345852,
                -22.979833092253614
              ],
              [
                -43.47953397554234,
                -22.979820031972345
              ],
              [
                -43.47951914125752,
                -22.979877238037034
              ],
              [
                -43.47948692540227,
                -22.979873345325228
              ],
              [
                -43.479471823673975,
                -22.979954443682256
              ],
              [
                -43.47937065796434,
                -22.979949653619766
              ],
              [
                -43.479379917238774,
                -22.979848674729098
              ],
              [
                -43.479336721569446,
                -22.97982785412898
              ],
              [
                -43.47934391773932,
                -22.97973647371629
              ],
              [
                -43.479344960359285,
                -22.979646116195372
              ],
              [
                -43.47933810329975,
                -22.979623895851113
              ],
              [
                -43.479275113030155,
                -22.979623198358524
              ],
              [
                -43.479279449696406,
                -22.979574136201364
              ],
              [
                -43.47926052452589,
                -22.979572785943603
              ],
              [
                -43.47926361759473,
                -22.979497231343505
              ],
              [
                -43.478873744487586,
                -22.979513939796867
              ],
              [
                -43.47887275378658,
                -22.97937696878659
              ],
              [
                -43.478778452117126,
                -22.979382048568944
              ],
              [
                -43.47876428876569,
                -22.979387327739836
              ],
              [
                -43.47876553419132,
                -22.97946164514312
              ],
              [
                -43.47872709322499,
                -22.979461781869325
              ],
              [
                -43.47873780728288,
                -22.97949616280141
              ],
              [
                -43.47874680738569,
                -22.97957393955616
              ],
              [
                -43.47880581028713,
                -22.979578722646647
              ],
              [
                -43.47879926677908,
                -22.979633562559282
              ],
              [
                -43.47876075976019,
                -22.979630447410383
              ],
              [
                -43.478755143293704,
                -22.97971111924896
              ],
              [
                -43.47875859441666,
                -22.97984368133565
              ],
              [
                -43.47854081122248,
                -22.979804816203227
              ],
              [
                -43.478540912719886,
                -22.979888160179193
              ],
              [
                -43.47842992561603,
                -22.979889484199866
              ],
              [
                -43.47842885280957,
                -22.979863868525406
              ],
              [
                -43.478298947197416,
                -22.97985096902836
              ],
              [
                -43.478215997223046,
                -22.97985776141463
              ],
              [
                -43.47821574562823,
                -22.979719828480555
              ],
              [
                -43.47813799493421,
                -22.979709090547207
              ],
              [
                -43.478104144520145,
                -22.97949918017847
              ],
              [
                -43.47813742374323,
                -22.97931601207306
              ],
              [
                -43.4780816884454,
                -22.97930470976255
              ],
              [
                -43.47799100654272,
                -22.979232734982105
              ],
              [
                -43.47797973898494,
                -22.979180912979494
              ],
              [
                -43.47794067609482,
                -22.978967111530025
              ],
              [
                -43.47803731173489,
                -22.97892658264745
              ],
              [
                -43.47831671024393,
                -22.97877122264464
              ],
              [
                -43.47843206795154,
                -22.978919625331415
              ],
              [
                -43.47855562963566,
                -22.9788440397874
              ],
              [
                -43.478766486935605,
                -22.97882149724791
              ],
              [
                -43.478905616039725,
                -22.978836651448926
              ],
              [
                -43.479107454224796,
                -22.979038520536456
              ],
              [
                -43.47930568599173,
                -22.97903090397581
              ],
              [
                -43.47935088840396,
                -22.979057421774527
              ],
              [
                -43.479506375376985,
                -22.979092693283608
              ],
              [
                -43.47964215354817,
                -22.97911088622752
              ],
              [
                -43.47976319684726,
                -22.979112047467368
              ],
              [
                -43.48003033002923,
                -22.97909925498182
              ],
              [
                -43.48029228115878,
                -22.97910483880137
              ],
              [
                -43.480395953637505,
                -22.97917646274444
              ],
              [
                -43.480765671569834,
                -22.97922016507034
              ],
              [
                -43.481132656442895,
                -22.979150473784923
              ],
              [
                -43.48121424632507,
                -22.978961667259362
              ],
              [
                -43.4813043895355,
                -22.97875668730019
              ],
              [
                -43.48136201024421,
                -22.978408749719385
              ]
            ]
          ],
          [
            [
              [
                -43.480879296535434,
                -22.979684917726033
              ],
              [
                -43.48098559755055,
                -22.979693029871246
              ],
              [
                -43.48098627137306,
                -22.979842827710815
              ],
              [
                -43.48087869424452,
                -22.97984179646977
              ],
              [
                -43.480879296535434,
                -22.979684917726033
              ]
            ]
          ]
        ]
      },
      "properties": {
        "objectid": 426,
        "cod_favela": 647,
        "nome": "Cascatinha",
        "bairro": "Vargem Grande",
        "complexo": "Isolada"
      }
    },
    {
      "type": "Feature",
      "id": 283,
      "geometry": {
        "type": "Polygon",
        "coordinates": [
          [
            [
              -43.46306475913514,
              -22.97810458859263
            ],
            [
              -43.464485173851095,
              -22.978531801717722
            ],
            [
              -43.46428353231127,
              -22.979345665888594
            ],
            [
              -43.46432977542774,
              -22.979399011567345
            ],
            [
              -43.46440640946184,
              -22.97952858967338
            ],
            [
              -43.464512754169526,
              -22.979077716948908
            ],
            [
              -43.46449932089764,
              -22.979047270853055
            ],
            [
              -43.46487844916024,
              -22.97896612474332
            ],
            [
              -43.46489622918888,
              -22.979037025739505
            ],
            [
              -43.464806859269295,
              -22.979061437413584
            ],
            [
              -43.46482530366609,
              -22.979271382002757
            ],
            [
              -43.46482220021008,
              -22.97941386971103
            ],
            [
              -43.464892031442325,
              -22.97962423623698
            ],
            [
              -43.46490531129027,
              -22.97971851063739
            ],
            [
              -43.46490628538454,
              -22.979897653041004
            ],
            [
              -43.46492581825327,
              -22.979901401456093
            ],
            [
              -43.46492866768262,
              -22.979991752807972
            ],
            [
              -43.464906804118826,
              -22.979992965231148
            ],
            [
              -43.46490691721673,
              -22.980013772407
            ],
            [
              -43.464932255135075,
              -22.980016877139068
            ],
            [
              -43.464933064740094,
              -22.98005468326641
            ],
            [
              -43.46498843656277,
              -22.980055245842056
            ],
            [
              -43.464983832778294,
              -22.98009511915395
            ],
            [
              -43.46497593253577,
              -22.98013064181277
            ],
            [
              -43.46492542822931,
              -22.98013195068667
            ],
            [
              -43.464926642843416,
              -22.98017094563042
            ],
            [
              -43.46492547967927,
              -22.980205344139932
            ],
            [
              -43.464902699476966,
              -22.980207827402413
            ],
            [
              -43.46490461387304,
              -22.980253430932315
            ],
            [
              -43.46489031897066,
              -22.98035661841469
            ],
            [
              -43.464868155461886,
              -22.98057521162046
            ],
            [
              -43.464845144657474,
              -22.980671461779917
            ],
            [
              -43.46485912578128,
              -22.980866642242383
            ],
            [
              -43.46487668253707,
              -22.980982520059165
            ],
            [
              -43.46489465686615,
              -22.981134643219644
            ],
            [
              -43.46486473777166,
              -22.981154970693538
            ],
            [
              -43.46484173473083,
              -22.9811705984978
            ],
            [
              -43.4648135350561,
              -22.981245232769794
            ],
            [
              -43.46484157384477,
              -22.981382486934486
            ],
            [
              -43.46480692885926,
              -22.98149145136957
            ],
            [
              -43.4647535737005,
              -22.98165926062307
            ],
            [
              -43.46476617594764,
              -22.982152148383573
            ],
            [
              -43.46462050880718,
              -22.982177178505157
            ],
            [
              -43.46439257097662,
              -22.981441829713905
            ],
            [
              -43.464394142455845,
              -22.98038420041303
            ],
            [
              -43.46366285112506,
              -22.980312211145236
            ],
            [
              -43.46365804797487,
              -22.980192438001836
            ],
            [
              -43.46355304002542,
              -22.980191707985014
            ],
            [
              -43.46354743983395,
              -22.980110247383426
            ],
            [
              -43.46317187279439,
              -22.980110344388745
            ],
            [
              -43.46315552731607,
              -22.979030908270765
            ],
            [
              -43.463189299277246,
              -22.979028831684204
            ],
            [
              -43.46319295077248,
              -22.97895022524082
            ],
            [
              -43.46319654301517,
              -22.978872889814348
            ],
            [
              -43.46320302719429,
              -22.978733305103702
            ],
            [
              -43.46313864863005,
              -22.97868701000821
            ],
            [
              -43.4631032321809,
              -22.978604939622002
            ],
            [
              -43.46306717722655,
              -22.978349793693916
            ],
            [
              -43.46302072358923,
              -22.978325305728934
            ],
            [
              -43.46306475913514,
              -22.97810458859263
            ]
          ]
        ]
      },
      "properties": {
        "objectid": 283,
        "cod_favela": 795,
        "nome": "Bosque Mont Serrat",
        "bairro": "Vargem Pequena",
        "complexo": "Isolada"
      }
    },
    {
      "type": "Feature",
      "id": 284,
      "geometry": {
        "type": "Polygon",
        "coordinates": [
          [
            [
              -43.46694776986619,
              -23.01063483911731
            ],
            [
              -43.46682841941073,
              -23.011064200193967
            ],
            [
              -43.46678842213479,
              -23.011144795336058
            ],
            [
              -43.46674471857826,
              -23.011295979243382
            ],
            [
              -43.466714447554054,
              -23.011373432697354
            ],
            [
              -43.46669694810196,
              -23.01143546178519
            ],
            [
              -43.46639943376013,
              -23.011378156066197
            ],
            [
              -43.46640064026988,
              -23.01134988212437
            ],
            [
              -43.46646785589857,
              -23.011140433913976
            ],
            [
              -43.46649954889299,
              -23.010990280700977
            ],
            [
              -43.466518737842726,
              -23.010996109266195
            ],
            [
              -43.46654866974206,
              -23.010912840099508
            ],
            [
              -43.466569478197265,
              -23.01082390941082
            ],
            [
              -43.466577419595815,
              -23.01077006842805
            ],
            [
              -43.46663272837768,
              -23.010553697974597
            ],
            [
              -43.46694776986619,
              -23.01063483911731
            ]
          ]
        ]
      },
      "properties": {
        "objectid": 284,
        "cod_favela": 794,
        "nome": "Avenida dos Eucaliptos, 28",
        "bairro": "Recreio dos Bandeirantes",
        "complexo": "Isolada"
      }
    },
    {
      "type": "Feature",
      "id": 974,
      "geometry": {
        "type": "Polygon",
        "coordinates": [
          [
            [
              -43.47804079818198,
              -23.02510085955469
            ],
            [
              -43.4780287057198,
              -23.02530510555368
            ],
            [
              -43.478021243052744,
              -23.02548093337827
            ],
            [
              -43.47748086831055,
              -23.02542124209653
            ],
            [
              -43.47743814827178,
              -23.025784931538837
            ],
            [
              -43.477304878053985,
              -23.025767394693254
            ],
            [
              -43.47643835595878,
              -23.025677780526433
            ],
            [
              -43.47612993184018,
              -23.025619545796047
            ],
            [
              -43.47613898797381,
              -23.02553688387656
            ],
            [
              -43.475994934109096,
              -23.025466701359164
            ],
            [
              -43.47588101922414,
              -23.025486978195502
            ],
            [
              -43.47578375883807,
              -23.025472040237595
            ],
            [
              -43.47564934658873,
              -23.025457804558428
            ],
            [
              -43.47548147937291,
              -23.025461982516948
            ],
            [
              -43.475453598638516,
              -23.025570972232877
            ],
            [
              -43.47535468541329,
              -23.02556297028955
            ],
            [
              -43.475363410004114,
              -23.02546436971672
            ],
            [
              -43.475485881740866,
              -23.025409158191195
            ],
            [
              -43.475517846715356,
              -23.025275536427923
            ],
            [
              -43.4756059636043,
              -23.025266422202936
            ],
            [
              -43.47564086093954,
              -23.025071935895188
            ],
            [
              -43.47749307527952,
              -23.02505902099644
            ],
            [
              -43.47804079818198,
              -23.02510085955469
            ]
          ]
        ]
      },
      "properties": {
        "objectid": 974,
        "cod_favela": 457,
        "nome": "Vila Amizade",
        "bairro": "Recreio dos Bandeirantes",
        "complexo": "Canal das Tachas"
      }
    },
    {
      "type": "Feature",
      "id": 412,
      "geometry": {
        "type": "MultiPolygon",
        "coordinates": [
          [
            [
              [
                -43.45417351158937,
                -23.00448071141857
              ],
              [
                -43.45415142102115,
                -23.004555790189457
              ],
              [
                -43.45429366836711,
                -23.00459326014713
              ],
              [
                -43.45426584891777,
                -23.004669399256727
              ],
              [
                -43.45412650299567,
                -23.00464047938535
              ],
              [
                -43.454105466833006,
                -23.00471197314289
              ],
              [
                -43.45404009550867,
                -23.00469058943259
              ],
              [
                -43.45402553440483,
                -23.00475135869977
              ],
              [
                -43.453936787791974,
                -23.004723006764582
              ],
              [
                -43.45395588493581,
                -23.00466304312465
              ],
              [
                -43.45401514845885,
                -23.004452362599938
              ],
              [
                -43.45417351158937,
                -23.00448071141857
              ]
            ]
          ],
          [
            [
              [
                -43.45419973280368,
                -23.003796154772843
              ],
              [
                -43.45436118547634,
                -23.00384286133972
              ],
              [
                -43.45428439737656,
                -23.004103844222954
              ],
              [
                -43.45419509757489,
                -23.004076640323703
              ],
              [
                -43.45417925460464,
                -23.004125859815055
              ],
              [
                -43.454114471950504,
                -23.00411148554487
              ],
              [
                -43.45412669703663,
                -23.004055802370765
              ],
              [
                -43.45419973280368,
                -23.003796154772843
              ]
            ]
          ]
        ]
      },
      "properties": {
        "objectid": 412,
        "cod_favela": 663,
        "nome": "Servidão D",
        "bairro": "Recreio dos Bandeirantes",
        "complexo": "Isolada"
      }
    },
    {
      "type": "Feature",
      "id": 425,
      "geometry": {
        "type": "MultiPolygon",
        "coordinates": [
          [
            [
              [
                -43.482176756394814,
                -23.01409560946809
              ],
              [
                -43.48227248477943,
                -23.0141113214366
              ],
              [
                -43.48225613401467,
                -23.01422299368027
              ],
              [
                -43.482323494226755,
                -23.014237425719315
              ],
              [
                -43.482299946449395,
                -23.014311752617136
              ],
              [
                -43.482245607133436,
                -23.01429488687969
              ],
              [
                -43.48223787115132,
                -23.01434772478436
              ],
              [
                -43.48231032464488,
                -23.014363086214075
              ],
              [
                -43.482350398997156,
                -23.014371584105557
              ],
              [
                -43.48235547008931,
                -23.014341795398163
              ],
              [
                -43.48239741881715,
                -23.014348884317403
              ],
              [
                -43.4824038309568,
                -23.014333348886815
              ],
              [
                -43.48247656962923,
                -23.014354091967334
              ],
              [
                -43.48246663376691,
                -23.014409796075107
              ],
              [
                -43.48253980264314,
                -23.014420259407427
              ],
              [
                -43.48296316759724,
                -23.014524829694473
              ],
              [
                -43.482956290837464,
                -23.01454928534549
              ],
              [
                -43.48310848371107,
                -23.01458521792349
              ],
              [
                -43.48310184004121,
                -23.014625298015527
              ],
              [
                -43.48303516073046,
                -23.014607272979163
              ],
              [
                -43.48301426228953,
                -23.014682547472926
              ],
              [
                -43.48297542883862,
                -23.01468346855315
              ],
              [
                -43.48296770230127,
                -23.014699984844523
              ],
              [
                -43.48291840165789,
                -23.01468402016822
              ],
              [
                -43.48196361388605,
                -23.014459147207358
              ],
              [
                -43.48197101246833,
                -23.014410575140914
              ],
              [
                -43.48199694530198,
                -23.01433891732128
              ],
              [
                -43.482018569465716,
                -23.014304932526795
              ],
              [
                -43.48209423601739,
                -23.014327851482186
              ],
              [
                -43.48211637620616,
                -23.014265540700286
              ],
              [
                -43.482005001457495,
                -23.01422740850737
              ],
              [
                -43.482032853810615,
                -23.014152656930168
              ],
              [
                -43.482149212687226,
                -23.014173128489837
              ],
              [
                -43.482176756394814,
                -23.01409560946809
              ]
            ]
          ],
          [
            [
              [
                -43.48232314904791,
                -23.01431299923428
              ],
              [
                -43.48233446045424,
                -23.014279368876775
              ],
              [
                -43.482398410014376,
                -23.0142442599609
              ],
              [
                -43.482450160465696,
                -23.014233962924003
              ],
              [
                -43.48244808120127,
                -23.014270947493326
              ],
              [
                -43.48237994287168,
                -23.014286553094145
              ],
              [
                -43.48237045379307,
                -23.014320200928008
              ],
              [
                -43.48232314904791,
                -23.01431299923428
              ]
            ]
          ]
        ]
      },
      "properties": {
        "objectid": 425,
        "cod_favela": 649,
        "nome": "Vila Doutor Crespo",
        "bairro": "Recreio dos Bandeirantes",
        "complexo": "Isolada"
      }
    },
    {
      "type": "Feature",
      "id": 545,
      "geometry": {
        "type": "MultiPolygon",
        "coordinates": [
          [
            [
              [
                -43.47178656744352,
                -23.029692188888642
              ],
              [
                -43.4719399635676,
                -23.02975316886081
              ],
              [
                -43.47174511167248,
                -23.030082148921203
              ],
              [
                -43.47133719517329,
                -23.029813318230786
              ],
              [
                -43.47117333971908,
                -23.030025268634482
              ],
              [
                -43.471118733870036,
                -23.02999166156085
              ],
              [
                -43.471277798718575,
                -23.029765236730146
              ],
              [
                -43.47109184809853,
                -23.029614709072725
              ],
              [
                -43.47158490279274,
                -23.02867125305484
              ],
              [
                -43.47136812308591,
                -23.028595161736884
              ],
              [
                -43.47122148209966,
                -23.02852065012337
              ],
              [
                -43.47110739202505,
                -23.028717580342963
              ],
              [
                -43.47081797534926,
                -23.02858843533998
              ],
              [
                -43.47075366050239,
                -23.028733226293497
              ],
              [
                -43.470608940528024,
                -23.028668612785655
              ],
              [
                -43.470719127565935,
                -23.028333471989725
              ],
              [
                -43.470914383567106,
                -23.027938024927952
              ],
              [
                -43.47083054847113,
                -23.027563653039266
              ],
              [
                -43.47194943533002,
                -23.02725523687948
              ],
              [
                -43.47284721932996,
                -23.026831984844403
              ],
              [
                -43.47292875363489,
                -23.026959051124276
              ],
              [
                -43.473108363619396,
                -23.027300386577576
              ],
              [
                -43.473268336625445,
                -23.027096694200875
              ],
              [
                -43.47339277580063,
                -23.027166230256046
              ],
              [
                -43.473483043113724,
                -23.026986742310008
              ],
              [
                -43.4738855977999,
                -23.027160457988895
              ],
              [
                -43.473669458073054,
                -23.027555031281764
              ],
              [
                -43.4732891909609,
                -23.02739365444441
              ],
              [
                -43.473105048428934,
                -23.027697735296996
              ],
              [
                -43.4734589116601,
                -23.02791142559745
              ],
              [
                -43.473200176605914,
                -23.02842028391289
              ],
              [
                -43.47394786624691,
                -23.028508740472986
              ],
              [
                -43.47402891262127,
                -23.028189328181625
              ],
              [
                -43.47393114259351,
                -23.028159711144315
              ],
              [
                -43.47362255977264,
                -23.028051596042708
              ],
              [
                -43.47386004934169,
                -23.027595101553594
              ],
              [
                -43.473911974642384,
                -23.02751067775405
              ],
              [
                -43.474248242840424,
                -23.027565778909473
              ],
              [
                -43.47427123764389,
                -23.027485905854977
              ],
              [
                -43.47397230859446,
                -23.027412580556053
              ],
              [
                -43.47401783679532,
                -23.027338556727084
              ],
              [
                -43.4741398099373,
                -23.02705299232043
              ],
              [
                -43.47435626776786,
                -23.027088532133135
              ],
              [
                -43.47434886104221,
                -23.027147728723836
              ],
              [
                -43.47450995246329,
                -23.027174707516888
              ],
              [
                -43.47450855070888,
                -23.02709994293178
              ],
              [
                -43.47448171248071,
                -23.026955645881138
              ],
              [
                -43.474530381928936,
                -23.02676017648332
              ],
              [
                -43.47483078388031,
                -23.026831367266166
              ],
              [
                -43.47487997463521,
                -23.0268859165439
              ],
              [
                -43.474963091430915,
                -23.026891417553447
              ],
              [
                -43.474970338134575,
                -23.02698612604952
              ],
              [
                -43.475019226380695,
                -23.02704034092765
              ],
              [
                -43.47502878070977,
                -23.027169482268352
              ],
              [
                -43.4750043997066,
                -23.027379801109667
              ],
              [
                -43.47499144774761,
                -23.027539104593615
              ],
              [
                -43.474800157094776,
                -23.02756115622269
              ],
              [
                -43.4748165066033,
                -23.02794363526624
              ],
              [
                -43.47500758273149,
                -23.027940697872335
              ],
              [
                -43.475003757663806,
                -23.02810747230856
              ],
              [
                -43.47500191134615,
                -23.028187965670536
              ],
              [
                -43.47502665466249,
                -23.02818915064093
              ],
              [
                -43.475027891600014,
                -23.028176950602823
              ],
              [
                -43.47508505077012,
                -23.02817851845995
              ],
              [
                -43.47508037876509,
                -23.0282028991567
              ],
              [
                -43.47515627409629,
                -23.028200577226322
              ],
              [
                -43.47515114317928,
                -23.02826566154557
              ],
              [
                -43.47512695604695,
                -23.02826542842236
              ],
              [
                -43.47512546625752,
                -23.028300016125083
              ],
              [
                -43.47509139462404,
                -23.028298670814152
              ],
              [
                -43.47509095955724,
                -23.028337339034714
              ],
              [
                -43.475049214951675,
                -23.028333884129225
              ],
              [
                -43.47504321634874,
                -23.028367331984693
              ],
              [
                -43.4750419774485,
                -23.028390806528005
              ],
              [
                -43.47499724530932,
                -23.02839140761375
              ],
              [
                -43.474996147540224,
                -23.028439280344095
              ],
              [
                -43.474809118110926,
                -23.028430685959115
              ],
              [
                -43.47479696549207,
                -23.02853244952685
              ],
              [
                -43.47462751565321,
                -23.028591945178135
              ],
              [
                -43.47383392474397,
                -23.028723235389826
              ],
              [
                -43.473812342946616,
                -23.028622129096643
              ],
              [
                -43.473090304860975,
                -23.028548256435244
              ],
              [
                -43.472840488486526,
                -23.02893128658142
              ],
              [
                -43.472522723114075,
                -23.028802566357438
              ],
              [
                -43.47238482619764,
                -23.02903084067978
              ],
              [
                -43.47191554909552,
                -23.028633694806604
              ],
              [
                -43.47171249350316,
                -23.0289502437694
              ],
              [
                -43.471369350523474,
                -23.02960939993211
              ],
              [
                -43.471653297639904,
                -23.029705944665675
              ],
              [
                -43.471702829447736,
                -23.029791738814914
              ],
              [
                -43.47178656744352,
                -23.029692188888642
              ]
            ]
          ],
          [
            [
              [
                -43.472466868875316,
                -23.030262682543267
              ],
              [
                -43.47241156719827,
                -23.03020065350777
              ],
              [
                -43.47263697560239,
                -23.029734179912474
              ],
              [
                -43.47292051345357,
                -23.029671281260015
              ],
              [
                -43.47300042624878,
                -23.02965134053218
              ],
              [
                -43.473085513063765,
                -23.02964355960018
              ],
              [
                -43.473154784109525,
                -23.029679404588396
              ],
              [
                -43.47331423664325,
                -23.030144087257067
              ],
              [
                -43.472640379455335,
                -23.0303603609882
              ],
              [
                -43.472466868875316,
                -23.030262682543267
              ]
            ]
          ],
          [
            [
              [
                -43.47351403334426,
                -23.029150368117232
              ],
              [
                -43.473763713411216,
                -23.02913854933991
              ],
              [
                -43.47377628652207,
                -23.029242563464404
              ],
              [
                -43.4735429125757,
                -23.029279808812113
              ],
              [
                -43.47351403334426,
                -23.029150368117232
              ]
            ]
          ],
          [
            [
              [
                -43.47348934256423,
                -23.028877079552128
              ],
              [
                -43.473490360148276,
                -23.028808219441665
              ],
              [
                -43.47372198713492,
                -23.028793375366536
              ],
              [
                -43.473752607733175,
                -23.029046675529337
              ],
              [
                -43.47349251816405,
                -23.029053933358977
              ],
              [
                -43.47348934256423,
                -23.028877079552128
              ]
            ]
          ]
        ]
      },
      "properties": {
        "objectid": 545,
        "cod_favela": 556,
        "nome": "Parque Chico Mendes",
        "bairro": "Recreio dos Bandeirantes",
        "complexo": "Isolada"
      }
    },
    {
      "type": "Feature",
      "id": 548,
      "geometry": {
        "type": "MultiPolygon",
        "coordinates": [
          [
            [
              [
                -43.45887943934126,
                -22.989425323953512
              ],
              [
                -43.459570662103715,
                -22.98928610497744
              ],
              [
                -43.4607041005644,
                -22.98895659017182
              ],
              [
                -43.46091542546702,
                -22.988855268027176
              ],
              [
                -43.46154472841275,
                -22.988794741417895
              ],
              [
                -43.461574973078605,
                -22.988918074143506
              ],
              [
                -43.4615579671038,
                -22.989055126956202
              ],
              [
                -43.46157184886931,
                -22.989128313185827
              ],
              [
                -43.46157548477016,
                -22.989147481955737
              ],
              [
                -43.46148754464993,
                -22.989566958936525
              ],
              [
                -43.46130078973004,
                -22.98994677833318
              ],
              [
                -43.461154856279634,
                -22.990301969512494
              ],
              [
                -43.461005293498715,
                -22.990777712244146
              ],
              [
                -43.46091764338673,
                -22.990977531615894
              ],
              [
                -43.460863587928564,
                -22.991110787032646
              ],
              [
                -43.46075779065973,
                -22.991388814250787
              ],
              [
                -43.460687897222876,
                -22.99152841632486
              ],
              [
                -43.46060253410795,
                -22.991736364069816
              ],
              [
                -43.460595865473444,
                -22.99176314352805
              ],
              [
                -43.460626339948945,
                -22.991788482233815
              ],
              [
                -43.46057524512679,
                -22.99197553248327
              ],
              [
                -43.460337977028985,
                -22.992323634161234
              ],
              [
                -43.45979336133138,
                -22.993369930040828
              ],
              [
                -43.45974324298387,
                -22.99350324851762
              ],
              [
                -43.45965845294935,
                -22.993475757631796
              ],
              [
                -43.459580679542775,
                -22.993624778728368
              ],
              [
                -43.45951044503697,
                -22.993599846060125
              ],
              [
                -43.459460677177674,
                -22.993724338061455
              ],
              [
                -43.459643199780395,
                -22.993796995247507
              ],
              [
                -43.45962445461126,
                -22.99385090695069
              ],
              [
                -43.45933159565136,
                -22.99373613980532
              ],
              [
                -43.45926977027196,
                -22.993721058744427
              ],
              [
                -43.45923977912395,
                -22.993795715778283
              ],
              [
                -43.459223531819575,
                -22.99384887323829
              ],
              [
                -43.45928560289369,
                -22.993883052213956
              ],
              [
                -43.459219083328456,
                -22.9940633410033
              ],
              [
                -43.45865930084071,
                -22.99385644082152
              ],
              [
                -43.45876247212704,
                -22.993643510855915
              ],
              [
                -43.45879987618215,
                -22.993531567720435
              ],
              [
                -43.458871946708186,
                -22.99354899559769
              ],
              [
                -43.45891239256845,
                -22.993396460731155
              ],
              [
                -43.45894705380082,
                -22.993298828746784
              ],
              [
                -43.459041721611314,
                -22.9933237212002
              ],
              [
                -43.45905466073532,
                -22.99329233281493
              ],
              [
                -43.45902218418505,
                -22.99328094825944
              ],
              [
                -43.45895650383734,
                -22.993251693996037
              ],
              [
                -43.459005291963116,
                -22.9931349892361
              ],
              [
                -43.45907012189269,
                -22.99315975213181
              ],
              [
                -43.45911328866188,
                -22.993065519994413
              ],
              [
                -43.45906827147302,
                -22.993046468813542
              ],
              [
                -43.45901598031016,
                -22.99302963173975
              ],
              [
                -43.459116387865706,
                -22.992825544997547
              ],
              [
                -43.4592460598342,
                -22.99288068907162
              ],
              [
                -43.459671686993794,
                -22.993019767930452
              ],
              [
                -43.45985364277309,
                -22.99261073002134
              ],
              [
                -43.45978173914281,
                -22.992588251287863
              ],
              [
                -43.45975713482282,
                -22.992647205953933
              ],
              [
                -43.459493360783256,
                -22.992566020851065
              ],
              [
                -43.459380308643645,
                -22.992540937231645
              ],
              [
                -43.45939868353809,
                -22.992468496302457
              ],
              [
                -43.45923471662189,
                -22.99241723452714
              ],
              [
                -43.459199602208905,
                -22.992485216474904
              ],
              [
                -43.459115792630044,
                -22.992451422980547
              ],
              [
                -43.4591360744766,
                -22.99238639535996
              ],
              [
                -43.45920267141733,
                -22.99227537005007
              ],
              [
                -43.45925468017008,
                -22.99229068074618
              ],
              [
                -43.45944026635392,
                -22.992345316381584
              ],
              [
                -43.45951323949937,
                -22.992366798688415
              ],
              [
                -43.45958562651696,
                -22.992185622988046
              ],
              [
                -43.45978411955,
                -22.992260790575255
              ],
              [
                -43.45992925958306,
                -22.99229735564016
              ],
              [
                -43.45988340313688,
                -22.992434595430975
              ],
              [
                -43.45984809464308,
                -22.992540695325808
              ],
              [
                -43.459943150714096,
                -22.992571061182474
              ],
              [
                -43.46001609158189,
                -22.992343770258497
              ],
              [
                -43.46010717434348,
                -22.991873926599368
              ],
              [
                -43.45937369726663,
                -22.99176264875088
              ],
              [
                -43.45936402558085,
                -22.991705205838247
              ],
              [
                -43.4593751469379,
                -22.991467254115044
              ],
              [
                -43.45945954386624,
                -22.99097552019204
              ],
              [
                -43.459436861666745,
                -22.9906590920391
              ],
              [
                -43.45923810163623,
                -22.990231494443943
              ],
              [
                -43.45887874925909,
                -22.989486126836486
              ],
              [
                -43.45887943934126,
                -22.989425323953512
              ]
            ]
          ],
          [
            [
              [
                -43.459409354344736,
                -22.99213485946883
              ],
              [
                -43.459377871080655,
                -22.99217995386263
              ],
              [
                -43.45933682454546,
                -22.992158048702652
              ],
              [
                -43.45936056529423,
                -22.992112879011668
              ],
              [
                -43.459409354344736,
                -22.99213485946883
              ]
            ]
          ]
        ]
      },
      "properties": {
        "objectid": 548,
        "cod_favela": 546,
        "nome": "Palmares",
        "bairro": "Vargem Pequena",
        "complexo": "Isolada"
      }
    },
    {
      "type": "Feature",
      "id": 557,
      "geometry": {
        "type": "Polygon",
        "coordinates": [
          [
            [
              -43.484623548513916,
              -23.02748682546797
            ],
            [
              -43.48469400290874,
              -23.027514949725703
            ],
            [
              -43.48473434382657,
              -23.02727521973301
            ],
            [
              -43.484793688645006,
              -23.027278177743995
            ],
            [
              -43.48477977982666,
              -23.02753457512345
            ],
            [
              -43.4853297965493,
              -23.027661893128073
            ],
            [
              -43.48525913267711,
              -23.028024947669746
            ],
            [
              -43.48520704925827,
              -23.028289206127294
            ],
            [
              -43.485178183934856,
              -23.0284499869114
            ],
            [
              -43.48526526975623,
              -23.02845234790198
            ],
            [
              -43.485274120740506,
              -23.028527174930815
            ],
            [
              -43.48529827753391,
              -23.028626260925343
            ],
            [
              -43.48532979089995,
              -23.02874330275507
            ],
            [
              -43.48526342390415,
              -23.028744883600538
            ],
            [
              -43.485277181023754,
              -23.02901396110015
            ],
            [
              -43.485328464981166,
              -23.02901272353389
            ],
            [
              -43.4853481980489,
              -23.029159457367616
            ],
            [
              -43.48518628017667,
              -23.02914756363355
            ],
            [
              -43.48518512412866,
              -23.029250992409636
            ],
            [
              -43.48524841080129,
              -23.029279278123475
            ],
            [
              -43.48538104441463,
              -23.029201502342783
            ],
            [
              -43.48543642717428,
              -23.029264216044382
            ],
            [
              -43.48549009505267,
              -23.029314927091026
            ],
            [
              -43.48541548341801,
              -23.02937353790816
            ],
            [
              -43.48532833180377,
              -23.029400320957148
            ],
            [
              -43.48539952061284,
              -23.02947834308036
            ],
            [
              -43.48540866666598,
              -23.0295423183144
            ],
            [
              -43.48532442145775,
              -23.02951770277254
            ],
            [
              -43.48529204943839,
              -23.029579271054732
            ],
            [
              -43.485137971807426,
              -23.02954437396856
            ],
            [
              -43.48513072094491,
              -23.02962049361096
            ],
            [
              -43.48533241726277,
              -23.02966329015211
            ],
            [
              -43.48530023849485,
              -23.029770510330238
            ],
            [
              -43.485194640548336,
              -23.02974799322852
            ],
            [
              -43.4851854578167,
              -23.02984906837239
            ],
            [
              -43.485095561990526,
              -23.03007112214234
            ],
            [
              -43.485200425612454,
              -23.030130198743137
            ],
            [
              -43.48515440763225,
              -23.030243328238182
            ],
            [
              -43.48504825250881,
              -23.03022113171612
            ],
            [
              -43.4848724775185,
              -23.030437905996436
            ],
            [
              -43.48478865396014,
              -23.0305012102673
            ],
            [
              -43.484870543142016,
              -23.030564492331962
            ],
            [
              -43.484758365587986,
              -23.03066855649368
            ],
            [
              -43.48469154672089,
              -23.03062154213597
            ],
            [
              -43.48463778388479,
              -23.03072494741994
            ],
            [
              -43.484545435376226,
              -23.030987836269837
            ],
            [
              -43.484273375126605,
              -23.030943602251913
            ],
            [
              -43.48421033803579,
              -23.03103977392104
            ],
            [
              -43.484121517859684,
              -23.031017416831293
            ],
            [
              -43.48413804886925,
              -23.030924384057634
            ],
            [
              -43.48396832651821,
              -23.030879285044865
            ],
            [
              -43.48421533079279,
              -23.030234333212125
            ],
            [
              -43.48450734212383,
              -23.030329604984704
            ],
            [
              -43.48456976434456,
              -23.03010826470432
            ],
            [
              -43.484390630972285,
              -23.03004489892219
            ],
            [
              -43.484363094387135,
              -23.030124779826295
            ],
            [
              -43.48420280131899,
              -23.030078409533566
            ],
            [
              -43.48421762051079,
              -23.03002839673055
            ],
            [
              -43.48430309411687,
              -23.029781084221504
            ],
            [
              -43.48434217608316,
              -23.029612887598812
            ],
            [
              -43.48441860714904,
              -23.02933003184809
            ],
            [
              -43.484564990989554,
              -23.02934376443974
            ],
            [
              -43.48468439002778,
              -23.029388062841594
            ],
            [
              -43.48476317742708,
              -23.029505553043013
            ],
            [
              -43.48503044832396,
              -23.029590865651013
            ],
            [
              -43.485118768947366,
              -23.029188292771103
            ],
            [
              -43.48512246844643,
              -23.02885731906477
            ],
            [
              -43.485101505572416,
              -23.028732988893506
            ],
            [
              -43.485156590058935,
              -23.028304239510007
            ],
            [
              -43.484740063812154,
              -23.028205763526056
            ],
            [
              -43.484728137854674,
              -23.028230667555714
            ],
            [
              -43.4846592217329,
              -23.028220880546783
            ],
            [
              -43.48465499933797,
              -23.028185651809917
            ],
            [
              -43.484641334889254,
              -23.027877238846038
            ],
            [
              -43.484657693012295,
              -23.02780168600491
            ],
            [
              -43.484654042788975,
              -23.027695034018873
            ],
            [
              -43.48456579877787,
              -23.02768905184551
            ],
            [
              -43.48456833989386,
              -23.027655080009552
            ],
            [
              -43.4846071832837,
              -23.02765945108475
            ],
            [
              -43.48461326533803,
              -23.027598515269748
            ],
            [
              -43.48463915653557,
              -23.027601763425743
            ],
            [
              -43.484643246338734,
              -23.027554071759155
            ],
            [
              -43.484609920516334,
              -23.02755121117946
            ],
            [
              -43.484623548513916,
              -23.02748682546797
            ]
          ]
        ]
      },
      "properties": {
        "objectid": 557,
        "cod_favela": 548,
        "nome": "Rua 8W, 500",
        "bairro": "Recreio dos Bandeirantes",
        "complexo": "Isolada"
      }
    },
    {
      "type": "Feature",
      "id": 124,
      "geometry": {
        "type": "Polygon",
        "coordinates": [
          [
            [
              -43.49850472121324,
              -23.01807220374447
            ],
            [
              -43.49876530889859,
              -23.018136382788086
            ],
            [
              -43.498915299860315,
              -23.018188264034446
            ],
            [
              -43.499007226450665,
              -23.018208118713712
            ],
            [
              -43.499231476411744,
              -23.01826153571551
            ],
            [
              -43.49943374531146,
              -23.01830631963413
            ],
            [
              -43.499552372126516,
              -23.018331774569145
            ],
            [
              -43.49971341788175,
              -23.018369216846615
            ],
            [
              -43.499697911742636,
              -23.018413095445656
            ],
            [
              -43.49964430160336,
              -23.018574040885387
            ],
            [
              -43.49957352027234,
              -23.018804551159306
            ],
            [
              -43.49951438209619,
              -23.018789018447855
            ],
            [
              -43.49948879784526,
              -23.0187822986574
            ],
            [
              -43.49949993642886,
              -23.018741727467255
            ],
            [
              -43.49946155063699,
              -23.018733381689895
            ],
            [
              -43.49943666092012,
              -23.01882445354665
            ],
            [
              -43.49943165301797,
              -23.018855196339494
            ],
            [
              -43.49951222728251,
              -23.018875470532247
            ],
            [
              -43.499505180057376,
              -23.018904198987176
            ],
            [
              -43.49954719968459,
              -23.01891216286726
            ],
            [
              -43.49952896297493,
              -23.019076348971492
            ],
            [
              -43.49952071641426,
              -23.019121671833506
            ],
            [
              -43.499494658939525,
              -23.019210874891833
            ],
            [
              -43.49942661530084,
              -23.019359607669617
            ],
            [
              -43.499403354393145,
              -23.019484484507565
            ],
            [
              -43.499369311901944,
              -23.019581867294345
            ],
            [
              -43.499815781836034,
              -23.019710191565267
            ],
            [
              -43.500046862801916,
              -23.01979083740789
            ],
            [
              -43.500197749555326,
              -23.01979634778089
            ],
            [
              -43.50020637566933,
              -23.01990422576674
            ],
            [
              -43.50028737558062,
              -23.019955861071693
            ],
            [
              -43.50027138981772,
              -23.020105375646345
            ],
            [
              -43.500141451847234,
              -23.0200782597008
            ],
            [
              -43.500148262447446,
              -23.019937553076705
            ],
            [
              -43.50008757865895,
              -23.01992868272026
            ],
            [
              -43.49970830797359,
              -23.01981699784471
            ],
            [
              -43.499686594714206,
              -23.01986824308465
            ],
            [
              -43.49959427643097,
              -23.019845583540775
            ],
            [
              -43.499607349155774,
              -23.01978726800609
            ],
            [
              -43.49955931322906,
              -23.019773122992113
            ],
            [
              -43.499518505060635,
              -23.019882165140466
            ],
            [
              -43.49927555360636,
              -23.01981486615442
            ],
            [
              -43.499296639018475,
              -23.01970311461863
            ],
            [
              -43.4989758672112,
              -23.019617617986817
            ],
            [
              -43.498927142592315,
              -23.019611844552003
            ],
            [
              -43.4986864650195,
              -23.019583609289572
            ],
            [
              -43.49853227896528,
              -23.01956548835293
            ],
            [
              -43.4984781673067,
              -23.01964035885425
            ],
            [
              -43.498445491499304,
              -23.01967708600728
            ],
            [
              -43.498331368730916,
              -23.01966253844691
            ],
            [
              -43.498263379221676,
              -23.01963543351147
            ],
            [
              -43.49830005494413,
              -23.019509770221482
            ],
            [
              -43.49821207609966,
              -23.019485522731802
            ],
            [
              -43.498102936688866,
              -23.019455444290994
            ],
            [
              -43.49800296621823,
              -23.019427891237722
            ],
            [
              -43.49779178459944,
              -23.01937823427601
            ],
            [
              -43.497804650673935,
              -23.019498127101915
            ],
            [
              -43.49792703204992,
              -23.019520197884233
            ],
            [
              -43.49803277999047,
              -23.01956648065056
            ],
            [
              -43.498024367071515,
              -23.019673455501977
            ],
            [
              -43.49791177210652,
              -23.019592694140403
            ],
            [
              -43.49775080816122,
              -23.01958160848549
            ],
            [
              -43.49771853294414,
              -23.019377065699544
            ],
            [
              -43.49767868459582,
              -23.019363519856807
            ],
            [
              -43.49770418095309,
              -23.019243525180777
            ],
            [
              -43.49773943209343,
              -23.01925308342771
            ],
            [
              -43.49780777511499,
              -23.019268948019615
            ],
            [
              -43.497810773072416,
              -23.01924845836759
            ],
            [
              -43.497906261411785,
              -23.01927131067194
            ],
            [
              -43.49791829714352,
              -23.019185911561244
            ],
            [
              -43.49797857259367,
              -23.019197951535137
            ],
            [
              -43.49796366470457,
              -23.01928526691817
            ],
            [
              -43.498044115091815,
              -23.019304480414444
            ],
            [
              -43.49819476877622,
              -23.018838268962707
            ],
            [
              -43.498200275582775,
              -23.01880725730835
            ],
            [
              -43.49827552271929,
              -23.01880036431793
            ],
            [
              -43.49829531462525,
              -23.01870291700626
            ],
            [
              -43.49834079993723,
              -23.018705841229348
            ],
            [
              -43.49851858788943,
              -23.018736202322824
            ],
            [
              -43.49852582939325,
              -23.018781672062453
            ],
            [
              -43.49852184084867,
              -23.018818585612888
            ],
            [
              -43.49854810494013,
              -23.018824527191533
            ],
            [
              -43.4985486397703,
              -23.01885209295524
            ],
            [
              -43.498579223383324,
              -23.01885291053307
            ],
            [
              -43.498587514414226,
              -23.018806153086647
            ],
            [
              -43.49861599537103,
              -23.018814200099833
            ],
            [
              -43.49862372710641,
              -23.018785526051666
            ],
            [
              -43.49859328471652,
              -23.018751248108572
            ],
            [
              -43.49858964569653,
              -23.018686720467983
            ],
            [
              -43.498447468939126,
              -23.018640271282685
            ],
            [
              -43.49845195913943,
              -23.01855717573777
            ],
            [
              -43.49826489616038,
              -23.018514871237826
            ],
            [
              -43.49836550658839,
              -23.018241500535225
            ],
            [
              -43.498452238582104,
              -23.018242323445737
            ],
            [
              -43.49850472121324,
              -23.01807220374447
            ]
          ]
        ]
      },
      "properties": {
        "objectid": 124,
        "cod_favela": 1010,
        "nome": "Comunidade Novo Lar",
        "bairro": "Vargem Pequena",
        "complexo": "Isolada"
      }
    },
    {
      "type": "Feature",
      "id": 327,
      "geometry": {
        "type": "Polygon",
        "coordinates": [
          [
            [
              -43.504221194412324,
              -22.986502406550947
            ],
            [
              -43.50430946204166,
              -22.98651440076547
            ],
            [
              -43.50441736943741,
              -22.986567502998074
            ],
            [
              -43.50458870048959,
              -22.98669932916281
            ],
            [
              -43.50469148284297,
              -22.986852829972047
            ],
            [
              -43.504738016502216,
              -22.98700579985418
            ],
            [
              -43.504807838143314,
              -22.987233393953403
            ],
            [
              -43.504881760389296,
              -22.98745358673176
            ],
            [
              -43.50497999371281,
              -22.987655408014074
            ],
            [
              -43.505086960452196,
              -22.987794067197818
            ],
            [
              -43.50504219144709,
              -22.987845728309125
            ],
            [
              -43.504949780533025,
              -22.987844856256803
            ],
            [
              -43.50483654478756,
              -22.987910752059584
            ],
            [
              -43.504803132943586,
              -22.988025764730377
            ],
            [
              -43.504657386114566,
              -22.988124835320335
            ],
            [
              -43.50452848850981,
              -22.98815338219293
            ],
            [
              -43.504282827741626,
              -22.988203146578073
            ],
            [
              -43.50412369071425,
              -22.988248940086727
            ],
            [
              -43.504134905800136,
              -22.98832526298383
            ],
            [
              -43.504027157104666,
              -22.988342029099528
            ],
            [
              -43.50401472730531,
              -22.988280610832067
            ],
            [
              -43.503839392218765,
              -22.98833288819346
            ],
            [
              -43.503782004836665,
              -22.98830504908814
            ],
            [
              -43.50372850321202,
              -22.98827053008151
            ],
            [
              -43.50362066000521,
              -22.988277726360074
            ],
            [
              -43.50360517851078,
              -22.988181840168146
            ],
            [
              -43.50358946700316,
              -22.98804034822692
            ],
            [
              -43.50362300284304,
              -22.98791417523814
            ],
            [
              -43.503718240826366,
              -22.987658377964564
            ],
            [
              -43.503801137066624,
              -22.987428504923294
            ],
            [
              -43.503879852563145,
              -22.987213472320466
            ],
            [
              -43.50395807506177,
              -22.98704307946802
            ],
            [
              -43.504036708087796,
              -22.98683548777577
            ],
            [
              -43.5041190295879,
              -22.986657692627727
            ],
            [
              -43.504221194412324,
              -22.986502406550947
            ]
          ]
        ]
      },
      "properties": {
        "objectid": 327,
        "cod_favela": 755,
        "nome": "Comunidade Bandeirantes",
        "bairro": "Vargem Grande",
        "complexo": "Isolada"
      }
    },
    {
      "type": "Feature",
      "id": 82,
      "geometry": {
        "type": "MultiPolygon",
        "coordinates": [
          [
            [
              [
                -43.51216790974148,
                -23.012660226347563
              ],
              [
                -43.512500137454275,
                -23.012525044187846
              ],
              [
                -43.51277189838747,
                -23.012430665616865
              ],
              [
                -43.51295434162237,
                -23.012636812269715
              ],
              [
                -43.5130474835016,
                -23.01268622238265
              ],
              [
                -43.51305822406046,
                -23.012728615978876
              ],
              [
                -43.513094853659126,
                -23.012782203221512
              ],
              [
                -43.51316231261975,
                -23.01280162921887
              ],
              [
                -43.513233694582695,
                -23.01282391251231
              ],
              [
                -43.51324119133967,
                -23.01286157393262
              ],
              [
                -43.513162525468445,
                -23.01331230822252
              ],
              [
                -43.51311946458167,
                -23.013448343284647
              ],
              [
                -43.51311572699022,
                -23.013568655738812
              ],
              [
                -43.51309756679238,
                -23.013842528362975
              ],
              [
                -43.513078210926395,
                -23.013966125990017
              ],
              [
                -43.51292055038164,
                -23.014626321547023
              ],
              [
                -43.51288201187248,
                -23.014825269498587
              ],
              [
                -43.51179451267354,
                -23.014936737818008
              ],
              [
                -43.51174888345497,
                -23.01494104119262
              ],
              [
                -43.51174517341003,
                -23.014902773203232
              ],
              [
                -43.511786468163244,
                -23.01489327491206
              ],
              [
                -43.5117634158734,
                -23.014768737803024
              ],
              [
                -43.511349138787054,
                -23.014830908701832
              ],
              [
                -43.51110319959788,
                -23.013930809379374
              ],
              [
                -43.511070189567185,
                -23.013791517112004
              ],
              [
                -43.51101383288583,
                -23.01356853524472
              ],
              [
                -43.51095815756507,
                -23.01336490932804
              ],
              [
                -43.51094269900485,
                -23.013297578264886
              ],
              [
                -43.51092857887383,
                -23.013246081724727
              ],
              [
                -43.51064940563697,
                -23.013336144347118
              ],
              [
                -43.51063863070755,
                -23.013275356251498
              ],
              [
                -43.5104498868027,
                -23.013328074179586
              ],
              [
                -43.510431891079335,
                -23.01326320822754
              ],
              [
                -43.51053613683338,
                -23.013229763683825
              ],
              [
                -43.51091523775004,
                -23.013118920156717
              ],
              [
                -43.51099347786753,
                -23.013087739551676
              ],
              [
                -43.51114469433229,
                -23.013039514173833
              ],
              [
                -43.51123695434958,
                -23.013010829706136
              ],
              [
                -43.51151519144405,
                -23.012944812065882
              ],
              [
                -43.511554353672025,
                -23.01293061463779
              ],
              [
                -43.51184629198353,
                -23.012807196741345
              ],
              [
                -43.51216790974148,
                -23.012660226347563
              ]
            ]
          ],
          [
            [
              [
                -43.51015456400764,
                -23.013312717843956
              ],
              [
                -43.51025184051613,
                -23.01329235565949
              ],
              [
                -43.510270554774706,
                -23.013322707159432
              ],
              [
                -43.510298786832564,
                -23.013319985307763
              ],
              [
                -43.51032088802527,
                -23.01340057546681
              ],
              [
                -43.51019905754188,
                -23.013443736400273
              ],
              [
                -43.51015456400764,
                -23.013312717843956
              ]
            ]
          ]
        ]
      },
      "properties": {
        "objectid": 82,
        "cod_favela": 1044,
        "nome": "Vila Taboinha",
        "bairro": "Vargem Grande",
        "complexo": "Isolada"
      }
    },
    {
      "type": "Feature",
      "id": 94,
      "geometry": {
        "type": "Polygon",
        "coordinates": [
          [
            [
              -43.44210167657734,
              -22.993830583693548
            ],
            [
              -43.44214827932906,
              -22.99378070622311
            ],
            [
              -43.44220621337541,
              -22.993807419307394
            ],
            [
              -43.442153056987216,
              -22.993870330167812
            ],
            [
              -43.44213083721523,
              -22.99405046666514
            ],
            [
              -43.44201417806154,
              -22.99411976281389
            ],
            [
              -43.44195985584196,
              -22.99404590482066
            ],
            [
              -43.441886343452,
              -22.99407883252167
            ],
            [
              -43.44195635017398,
              -22.994203637636563
            ],
            [
              -43.44189783473867,
              -22.99422757066142
            ],
            [
              -43.44183659520609,
              -22.994101115087524
            ],
            [
              -43.44157821604951,
              -22.994216847249817
            ],
            [
              -43.44163906369361,
              -22.99434258289021
            ],
            [
              -43.44152143855318,
              -22.99441245255644
            ],
            [
              -43.44108499915412,
              -22.994659054519676
            ],
            [
              -43.44096702835017,
              -22.994687709564786
            ],
            [
              -43.440752823567124,
              -22.994707480614988
            ],
            [
              -43.44075034781733,
              -22.99454789362863
            ],
            [
              -43.44088161963558,
              -22.99456066624826
            ],
            [
              -43.44093276191467,
              -22.99442203904122
            ],
            [
              -43.44103172781901,
              -22.994448609159015
            ],
            [
              -43.44106289451786,
              -22.994223949956876
            ],
            [
              -43.44210167657734,
              -22.993830583693548
            ]
          ]
        ]
      },
      "properties": {
        "objectid": 94,
        "cod_favela": 1036,
        "nome": "Vista da Pedra",
        "bairro": "Vargem Pequena",
        "complexo": "Isolada"
      }
    },
    {
      "type": "Feature",
      "id": 95,
      "geometry": {
        "type": "Polygon",
        "coordinates": [
          [
            [
              -43.467306498858704,
              -22.98600494073086
            ],
            [
              -43.46727192143151,
              -22.986000187254877
            ],
            [
              -43.46698496510279,
              -22.98679685181954
            ],
            [
              -43.46693426136164,
              -22.986937615463845
            ],
            [
              -43.466818182635045,
              -22.986901197327278
            ],
            [
              -43.466688512448684,
              -22.986860514890267
            ],
            [
              -43.466666762971336,
              -22.986910877297483
            ],
            [
              -43.466608310315294,
              -22.986885129865957
            ],
            [
              -43.46607762015989,
              -22.986761571869824
            ],
            [
              -43.46579836874357,
              -22.986687471760483
            ],
            [
              -43.465834964923346,
              -22.986589258766703
            ],
            [
              -43.4660935450668,
              -22.9866679750044
            ],
            [
              -43.466133056263246,
              -22.986588708707053
            ],
            [
              -43.46608840901023,
              -22.986568170285082
            ],
            [
              -43.46611069816397,
              -22.9865174528427
            ],
            [
              -43.466164287120975,
              -22.98652954334544
            ],
            [
              -43.466204774948395,
              -22.98640922523674
            ],
            [
              -43.46624612632049,
              -22.98629336695018
            ],
            [
              -43.466428109688785,
              -22.98634287023099
            ],
            [
              -43.46645306672103,
              -22.986255766569325
            ],
            [
              -43.46660718738349,
              -22.986304855444505
            ],
            [
              -43.46665271263135,
              -22.986210393507815
            ],
            [
              -43.46679621802564,
              -22.986257542515894
            ],
            [
              -43.46682121754814,
              -22.986178922201358
            ],
            [
              -43.46670359452499,
              -22.986150959425213
            ],
            [
              -43.46669500883512,
              -22.986182654414737
            ],
            [
              -43.4666574785179,
              -22.98617290867824
            ],
            [
              -43.4666669100653,
              -22.986142237887368
            ],
            [
              -43.46670252551906,
              -22.986059629201755
            ],
            [
              -43.466751318379,
              -22.985951166172615
            ],
            [
              -43.46677258095867,
              -22.985879975790134
            ],
            [
              -43.466819266524155,
              -22.985752090611697
            ],
            [
              -43.46730194429738,
              -22.985906340973727
            ],
            [
              -43.46733501566851,
              -22.985915412140223
            ],
            [
              -43.467551587847325,
              -22.985967101031264
            ],
            [
              -43.467524519536994,
              -22.986056643677184
            ],
            [
              -43.467306498858704,
              -22.98600494073086
            ]
          ]
        ]
      },
      "properties": {
        "objectid": 95,
        "cod_favela": 1035,
        "nome": "Rua Paulo Roberto Matheus, Lote 7",
        "bairro": "Vargem Pequena",
        "complexo": "Isolada"
      }
    },
    {
      "type": "Feature",
      "id": 96,
      "geometry": {
        "type": "Polygon",
        "coordinates": [
          [
            [
              -43.48898722691622,
              -22.984104823559196
            ],
            [
              -43.48892802161362,
              -22.98392590495722
            ],
            [
              -43.489003521909034,
              -22.983734505536695
            ],
            [
              -43.489127474728996,
              -22.98372188867226
            ],
            [
              -43.48931496690303,
              -22.983763227942433
            ],
            [
              -43.4893610479108,
              -22.98385148824756
            ],
            [
              -43.489421309871034,
              -22.98397166928896
            ],
            [
              -43.48948273662602,
              -22.984212800033134
            ],
            [
              -43.489549488342305,
              -22.984488151323312
            ],
            [
              -43.48964167320462,
              -22.98509232514514
            ],
            [
              -43.489708126091294,
              -22.985394607474113
            ],
            [
              -43.48971580797234,
              -22.985750193839504
            ],
            [
              -43.48964420383937,
              -22.98591110862174
            ],
            [
              -43.48938128724197,
              -22.98601094703524
            ],
            [
              -43.48906253370893,
              -22.985900176241056
            ],
            [
              -43.48890114757434,
              -22.985763972783065
            ],
            [
              -43.4888691804081,
              -22.98549972555465
            ],
            [
              -43.48890690040528,
              -22.985246917269837
            ],
            [
              -43.48879367147798,
              -22.98496573532755
            ],
            [
              -43.488709169822066,
              -22.984717147523842
            ],
            [
              -43.48882113592109,
              -22.984588937419886
            ],
            [
              -43.488924227922105,
              -22.98473535836048
            ],
            [
              -43.489083216258756,
              -22.985087001427058
            ],
            [
              -43.48915644346353,
              -22.985303162259378
            ],
            [
              -43.489163765391226,
              -22.98569106444748
            ],
            [
              -43.48941438768427,
              -22.985650361487842
            ],
            [
              -43.489423978606304,
              -22.98531110037089
            ],
            [
              -43.48932376121142,
              -22.98490615098887
            ],
            [
              -43.489187980065246,
              -22.984560116582095
            ],
            [
              -43.48913790182072,
              -22.98435494899962
            ],
            [
              -43.48901220044606,
              -22.98414906114918
            ],
            [
              -43.48898722691622,
              -22.984104823559196
            ]
          ]
        ]
      },
      "properties": {
        "objectid": 96,
        "cod_favela": 1034,
        "nome": "Da Curva",
        "bairro": "Vargem Grande",
        "complexo": "Isolada"
      }
    },
    {
      "type": "Feature",
      "id": 326,
      "geometry": {
        "type": "Polygon",
        "coordinates": [
          [
            [
              -43.467558624319985,
              -22.98091237208591
            ],
            [
              -43.46755706724399,
              -22.980699090476413
            ],
            [
              -43.467598365053284,
              -22.980697340425863
            ],
            [
              -43.46760084394909,
              -22.980647066891475
            ],
            [
              -43.46766077619914,
              -22.980641911637417
            ],
            [
              -43.46766437186028,
              -22.980694544164205
            ],
            [
              -43.468250291394924,
              -22.980669722331164
            ],
            [
              -43.46824342713187,
              -22.98060357732475
            ],
            [
              -43.468363333694484,
              -22.9805894437985
            ],
            [
              -43.468426495949686,
              -22.980853566946735
            ],
            [
              -43.46844285907274,
              -22.98111789341615
            ],
            [
              -43.468466453872274,
              -22.98114863069971
            ],
            [
              -43.46848115849858,
              -22.981290484247445
            ],
            [
              -43.468509585527606,
              -22.98128981342857
            ],
            [
              -43.468519217559816,
              -22.981351078519353
            ],
            [
              -43.46845769816856,
              -22.981357605036052
            ],
            [
              -43.46785474618196,
              -22.981381287446226
            ],
            [
              -43.4678497509894,
              -22.981459995795657
            ],
            [
              -43.467376646809605,
              -22.981476074925776
            ],
            [
              -43.46736961037096,
              -22.981378887982636
            ],
            [
              -43.467370602377855,
              -22.981290963428247
            ],
            [
              -43.46729102884376,
              -22.981290776273333
            ],
            [
              -43.46740935337374,
              -22.980915135175405
            ],
            [
              -43.467558624319985,
              -22.98091237208591
            ]
          ]
        ]
      },
      "properties": {
        "objectid": 326,
        "cod_favela": 756,
        "nome": "Hélio Oiticica",
        "bairro": "Vargem Pequena",
        "complexo": "Isolada"
      }
    },
    {
      "type": "Feature",
      "id": 432,
      "geometry": {
        "type": "Polygon",
        "coordinates": [
          [
            [
              -43.49938668662995,
              -23.027728944000433
            ],
            [
              -43.499416055849956,
              -23.027742596938634
            ],
            [
              -43.49945944716267,
              -23.02769203881146
            ],
            [
              -43.499429170147025,
              -23.027663435066724
            ],
            [
              -43.49949934339801,
              -23.027588589415643
            ],
            [
              -43.499570214727974,
              -23.027646000384603
            ],
            [
              -43.49973738906798,
              -23.02748565626876
            ],
            [
              -43.49992370454925,
              -23.027644085326973
            ],
            [
              -43.50003643116728,
              -23.02755194072439
            ],
            [
              -43.500083317131846,
              -23.027530056356532
            ],
            [
              -43.50015192053336,
              -23.027602415778944
            ],
            [
              -43.50027264541572,
              -23.027521273735548
            ],
            [
              -43.50012532837618,
              -23.027418925879292
            ],
            [
              -43.50022698473611,
              -23.027333841574464
            ],
            [
              -43.5004652527601,
              -23.027462875354782
            ],
            [
              -43.5002558273741,
              -23.027683354461015
            ],
            [
              -43.50047082237635,
              -23.027991158059574
            ],
            [
              -43.50076655954525,
              -23.027692830762263
            ],
            [
              -43.500847348268756,
              -23.027633335251526
            ],
            [
              -43.50093748650471,
              -23.02763418933446
            ],
            [
              -43.50099103280484,
              -23.02777376085031
            ],
            [
              -43.501036396458495,
              -23.02800959574122
            ],
            [
              -43.50098420605594,
              -23.028007590327444
            ],
            [
              -43.50089151703054,
              -23.027831526516046
            ],
            [
              -43.500566222020595,
              -23.02818032413767
            ],
            [
              -43.50059661807892,
              -23.028234979458066
            ],
            [
              -43.50075782291116,
              -23.02835835684703
            ],
            [
              -43.500824581870994,
              -23.02836632555131
            ],
            [
              -43.50084736043793,
              -23.0284273235455
            ],
            [
              -43.50079169327752,
              -23.028489445854966
            ],
            [
              -43.500825517579116,
              -23.028589860668692
            ],
            [
              -43.50098121677079,
              -23.028623963208258
            ],
            [
              -43.501041710262456,
              -23.02866795232356
            ],
            [
              -43.5011180962669,
              -23.02873961925093
            ],
            [
              -43.50118968467104,
              -23.028685012648793
            ],
            [
              -43.50125994010953,
              -23.028761882137946
            ],
            [
              -43.50120032797751,
              -23.028816770212106
            ],
            [
              -43.50112296228851,
              -23.028884764199773
            ],
            [
              -43.501266793237086,
              -23.029026119397052
            ],
            [
              -43.50135286778013,
              -23.02908120721079
            ],
            [
              -43.50133936415684,
              -23.029149510918373
            ],
            [
              -43.50125500598842,
              -23.029169948773802
            ],
            [
              -43.50116898362531,
              -23.029110141667392
            ],
            [
              -43.500878276599984,
              -23.02888557604284
            ],
            [
              -43.50079591045086,
              -23.029186836783463
            ],
            [
              -43.50068246566967,
              -23.029301387927724
            ],
            [
              -43.50056129516202,
              -23.029422943549672
            ],
            [
              -43.50035088419852,
              -23.029314762401306
            ],
            [
              -43.50058032350046,
              -23.02908568649496
            ],
            [
              -43.50019332094462,
              -23.028808292626834
            ],
            [
              -43.50005935354355,
              -23.0288704987042
            ],
            [
              -43.500091032998604,
              -23.02895430651941
            ],
            [
              -43.499996607910376,
              -23.028988230357285
            ],
            [
              -43.499969151319505,
              -23.02891238206904
            ],
            [
              -43.49992936906992,
              -23.028930853992822
            ],
            [
              -43.499503785155945,
              -23.02937516188223
            ],
            [
              -43.49946650687606,
              -23.02940373630324
            ],
            [
              -43.49951288588904,
              -23.029482702004085
            ],
            [
              -43.499404287949346,
              -23.029546796298703
            ],
            [
              -43.49934855960478,
              -23.029494143837542
            ],
            [
              -43.49915408613318,
              -23.02964321117593
            ],
            [
              -43.499169448723976,
              -23.0298675278484
            ],
            [
              -43.49891837596739,
              -23.03006294361503
            ],
            [
              -43.49853340189907,
              -23.030296994510262
            ],
            [
              -43.49837361580046,
              -23.03041217513011
            ],
            [
              -43.49842794508701,
              -23.03050831002954
            ],
            [
              -43.49836163451805,
              -23.03055120489045
            ],
            [
              -43.498203372786875,
              -23.03063577212619
            ],
            [
              -43.498157181261774,
              -23.030568190827957
            ],
            [
              -43.49808687541591,
              -23.030470775258802
            ],
            [
              -43.49813417827927,
              -23.030447931858212
            ],
            [
              -43.498093947588146,
              -23.030377466560623
            ],
            [
              -43.498147308466805,
              -23.03034436698678
            ],
            [
              -43.49810176573356,
              -23.03027742131255
            ],
            [
              -43.49802242392169,
              -23.030304984604676
            ],
            [
              -43.4979623411289,
              -23.030205307085918
            ],
            [
              -43.49816527396967,
              -23.03006801076299
            ],
            [
              -43.49835408716533,
              -23.030284536315552
            ],
            [
              -43.498877764965584,
              -23.029961507649688
            ],
            [
              -43.4987942926608,
              -23.02990172347683
            ],
            [
              -43.498643313147106,
              -23.02995220323018
            ],
            [
              -43.49839799855864,
              -23.029772897756896
            ],
            [
              -43.498427651130086,
              -23.02963304407331
            ],
            [
              -43.49849307464954,
              -23.029655373432348
            ],
            [
              -43.49851943264053,
              -23.029627749557154
            ],
            [
              -43.4987266516543,
              -23.02956364351315
            ],
            [
              -43.499111324033386,
              -23.029590891167746
            ],
            [
              -43.49948607093833,
              -23.02936319544492
            ],
            [
              -43.49959943835425,
              -23.029255724972334
            ],
            [
              -43.49928758098327,
              -23.028951169365033
            ],
            [
              -43.49940787680559,
              -23.028826800438303
            ],
            [
              -43.4992465876807,
              -23.028496093223108
            ],
            [
              -43.499457381393974,
              -23.028287922819732
            ],
            [
              -43.49973798997627,
              -23.02850830490099
            ],
            [
              -43.499861206431746,
              -23.028495450470302
            ],
            [
              -43.49978024821366,
              -23.0281915614926
            ],
            [
              -43.49992945530585,
              -23.028162772154634
            ],
            [
              -43.49990003463759,
              -23.028056778783203
            ],
            [
              -43.49973241950489,
              -23.02790605636639
            ],
            [
              -43.49955141014875,
              -23.028044033394366
            ],
            [
              -43.499286079594704,
              -23.027855249983705
            ],
            [
              -43.49938668662995,
              -23.027728944000433
            ]
          ]
        ]
      },
      "properties": {
        "objectid": 432,
        "cod_favela": 646,
        "nome": "Estrada do Pontal (Caité)",
        "bairro": "Vargem Grande",
        "complexo": "Isolada"
      }
    },
    {
      "type": "Feature",
      "id": 431,
      "geometry": {
        "type": "Polygon",
        "coordinates": [
          [
            [
              -43.51836245428928,
              -23.009376126354955
            ],
            [
              -43.51886506462154,
              -23.009156969121637
            ],
            [
              -43.51890156906613,
              -23.009268534140677
            ],
            [
              -43.51896893292097,
              -23.009550754793008
            ],
            [
              -43.518953796470775,
              -23.009764027939376
            ],
            [
              -43.51885463938771,
              -23.01004765474267
            ],
            [
              -43.51869289999261,
              -23.010490757133045
            ],
            [
              -43.518585495088836,
              -23.010649813330346
            ],
            [
              -43.518494941036764,
              -23.010731961052162
            ],
            [
              -43.51824733937209,
              -23.01082746009758
            ],
            [
              -43.51793974821013,
              -23.010933964433985
            ],
            [
              -43.517935091043285,
              -23.01068522441487
            ],
            [
              -43.51793923181723,
              -23.010599303056562
            ],
            [
              -43.51795957535456,
              -23.010495749810378
            ],
            [
              -43.51799913289603,
              -23.010098930694504
            ],
            [
              -43.518010673686966,
              -23.009997296364183
            ],
            [
              -43.518009324581044,
              -23.009752226003798
            ],
            [
              -43.51801666691373,
              -23.009666335504864
            ],
            [
              -43.5184246440371,
              -23.009563052608065
            ],
            [
              -43.51839327336579,
              -23.009486085778615
            ],
            [
              -43.51836245428928,
              -23.009376126354955
            ]
          ]
        ]
      },
      "properties": {
        "objectid": 431,
        "cod_favela": 648,
        "nome": "Grota Funda",
        "bairro": "Recreio dos Bandeirantes",
        "complexo": "Isolada"
      }
    },
    {
      "type": "Feature",
      "id": 780,
      "geometry": {
        "type": "MultiPolygon",
        "coordinates": [
          [
            [
              [
                -43.50583394161837,
                -23.00110552101659
              ],
              [
                -43.505968717185375,
                -23.00107567621273
              ],
              [
                -43.508893987117744,
                -23.000470550210096
              ],
              [
                -43.50910267826995,
                -23.00085109669669
              ],
              [
                -43.50658126232868,
                -23.00138375531238
              ],
              [
                -43.50653239046044,
                -23.001115326707115
              ],
              [
                -43.50643420304402,
                -23.001137226358843
              ],
              [
                -43.506194544751665,
                -23.001171154178667
              ],
              [
                -43.506062627730024,
                -23.001195840369242
              ],
              [
                -43.50409297535162,
                -23.00160717983354
              ],
              [
                -43.5031402189008,
                -23.001793160240034
              ],
              [
                -43.502876812116,
                -23.001840575173887
              ],
              [
                -43.50283148606052,
                -23.001850328505977
              ],
              [
                -43.502815777574554,
                -23.001771532817017
              ],
              [
                -43.50281189582413,
                -23.00173147305824
              ],
              [
                -43.50298435234827,
                -23.001703524244395
              ],
              [
                -43.50402309615287,
                -23.00148774916512
              ],
              [
                -43.50583394161837,
                -23.00110552101659
              ]
            ]
          ],
          [
            [
              [
                -43.50226330055902,
                -23.001828172564686
              ],
              [
                -43.502698868432645,
                -23.00171010924602
              ],
              [
                -43.502744390831424,
                -23.001893887472345
              ],
              [
                -43.502287190314,
                -23.001978170669602
              ],
              [
                -43.50226330055902,
                -23.001828172564686
              ]
            ]
          ],
          [
            [
              [
                -43.504072154587064,
                -23.001182831209185
              ],
              [
                -43.50415297410887,
                -23.001168660524833
              ],
              [
                -43.50420502204381,
                -23.001158413062978
              ],
              [
                -43.5042199327053,
                -23.001240978905223
              ],
              [
                -43.50423866432112,
                -23.00129790667841
              ],
              [
                -43.504183622498104,
                -23.00131530845557
              ],
              [
                -43.50405747802516,
                -23.001309586737
              ],
              [
                -43.504042150619455,
                -23.001431927034975
              ],
              [
                -43.50293365805242,
                -23.001653208525507
              ],
              [
                -43.502875537418404,
                -23.00151865187245
              ],
              [
                -43.502559994125214,
                -23.001562965133754
              ],
              [
                -43.50257411387287,
                -23.00144091616787
              ],
              [
                -43.50289890977146,
                -23.00132968720898
              ],
              [
                -43.50291068058483,
                -23.00142045005557
              ],
              [
                -43.50392928081113,
                -23.001234500554993
              ],
              [
                -43.50407918196224,
                -23.00120846066847
              ],
              [
                -43.504072154587064,
                -23.001182831209185
              ]
            ]
          ]
        ]
      },
      "properties": {
        "objectid": 780,
        "cod_favela": 376,
        "nome": "Vila dos Crentes",
        "bairro": "Vargem Grande",
        "complexo": "Isolada"
      }
    },
    {
      "type": "Feature",
      "id": 642,
      "geometry": {
        "type": "MultiPolygon",
        "coordinates": [
          [
            [
              [
                -43.51672537394446,
                -23.017777568018204
              ],
              [
                -43.51690622445248,
                -23.016666305341456
              ],
              [
                -43.51705961981228,
                -23.016702314532136
              ],
              [
                -43.51704637423984,
                -23.01675279377703
              ],
              [
                -43.51685860429433,
                -23.0182160512823
              ],
              [
                -43.51668223386105,
                -23.019606301120202
              ],
              [
                -43.51657142639052,
                -23.020598114852525
              ],
              [
                -43.516511805206555,
                -23.021127787620767
              ],
              [
                -43.51694254971943,
                -23.021114032442952
              ],
              [
                -43.51693492059649,
                -23.021334179458186
              ],
              [
                -43.51684281056584,
                -23.02201943906107
              ],
              [
                -43.51689667672603,
                -23.022022308315606
              ],
              [
                -43.51689173211389,
                -23.022081860471808
              ],
              [
                -43.51683597446481,
                -23.022070298915978
              ],
              [
                -43.51621969326201,
                -23.022174839799696
              ],
              [
                -43.51630349792472,
                -23.02189449368758
              ],
              [
                -43.516362662126085,
                -23.021055218205905
              ],
              [
                -43.51659262460376,
                -23.01897729481014
              ],
              [
                -43.51651601288837,
                -23.018970897803364
              ],
              [
                -43.51652345186731,
                -23.018851723543957
              ],
              [
                -43.516606135942766,
                -23.01886385454275
              ],
              [
                -43.51672537394446,
                -23.017777568018204
              ]
            ]
          ],
          [
            [
              [
                -43.51625359254389,
                -23.016591462009902
              ],
              [
                -43.51634916830307,
                -23.016577239554618
              ],
              [
                -43.51631198778753,
                -23.016382423403705
              ],
              [
                -43.51664034078954,
                -23.01629755961121
              ],
              [
                -43.51666688792551,
                -23.016394340498554
              ],
              [
                -43.51671325290929,
                -23.016598798694037
              ],
              [
                -43.516837203053385,
                -23.016588877047223
              ],
              [
                -43.51684131784063,
                -23.016661639349174
              ],
              [
                -43.51677012663685,
                -23.016670735052614
              ],
              [
                -43.516772207840475,
                -23.01669508039652
              ],
              [
                -43.51673644708355,
                -23.016701078923496
              ],
              [
                -43.51628023827127,
                -23.016794514407046
              ],
              [
                -43.51625359254389,
                -23.016591462009902
              ]
            ]
          ]
        ]
      },
      "properties": {
        "objectid": 642,
        "cod_favela": 364,
        "nome": "Cachorro Sentado",
        "bairro": "Recreio dos Bandeirantes",
        "complexo": "Isolada"
      }
    },
    {
      "type": "Feature",
      "id": 795,
      "geometry": {
        "type": "Polygon",
        "coordinates": [
          [
            [
              -43.463526009076716,
              -23.00978776419857
            ],
            [
              -43.46210109560599,
              -23.009470412310208
            ],
            [
              -43.461949733577896,
              -23.009425268923845
            ],
            [
              -43.461927794843234,
              -23.009487416843154
            ],
            [
              -43.461783835489804,
              -23.00937579008543
            ],
            [
              -43.46178051627197,
              -23.00934818931351
            ],
            [
              -43.46180608909019,
              -23.0092347688963
            ],
            [
              -43.461868526771,
              -23.009242697116758
            ],
            [
              -43.46257902989875,
              -23.0094169950057
            ],
            [
              -43.46267124800565,
              -23.0094346641427
            ],
            [
              -43.4627139287221,
              -23.009447765588032
            ],
            [
              -43.46275577141479,
              -23.009458885575434
            ],
            [
              -43.46281354351453,
              -23.00947365077409
            ],
            [
              -43.46289479296578,
              -23.00949441662989
            ],
            [
              -43.463545530826124,
              -23.009660731645052
            ],
            [
              -43.463526009076716,
              -23.00978776419857
            ]
          ]
        ]
      },
      "properties": {
        "objectid": 795,
        "cod_favela": 251,
        "nome": "Vila Nova (RA - Barra da Tijuca)",
        "bairro": "Recreio dos Bandeirantes",
        "complexo": "Isolada"
      }
    },
    {
      "type": "Feature",
      "id": 973,
      "geometry": {
        "type": "Polygon",
        "coordinates": [
          [
            [
              -43.509349461923534,
              -23.02492573959456
            ],
            [
              -43.509309220013094,
              -23.02475340214638
            ],
            [
              -43.508977190028105,
              -23.024623781572085
            ],
            [
              -43.50896703041946,
              -23.02458105005807
            ],
            [
              -43.50830890510472,
              -23.024496134902336
            ],
            [
              -43.5080704061288,
              -23.02447815201079
            ],
            [
              -43.50793779705967,
              -23.02441064452705
            ],
            [
              -43.50794227802552,
              -23.024325415250775
            ],
            [
              -43.507851966465935,
              -23.0242569825608
            ],
            [
              -43.50780756252058,
              -23.024153404035165
            ],
            [
              -43.50785837239461,
              -23.024110871719408
            ],
            [
              -43.507997686151235,
              -23.024119353526167
            ],
            [
              -43.508088766377895,
              -23.024215288208424
            ],
            [
              -43.50825239255144,
              -23.024157796132112
            ],
            [
              -43.50830539159823,
              -23.02417141371252
            ],
            [
              -43.509076312113564,
              -23.02430986612412
            ],
            [
              -43.50914497871209,
              -23.02431176304662
            ],
            [
              -43.50913916382111,
              -23.024375600066428
            ],
            [
              -43.50906367248757,
              -23.024367533686934
            ],
            [
              -43.50903900759396,
              -23.024480058642187
            ],
            [
              -43.50924439043606,
              -23.024491833361324
            ],
            [
              -43.509228451308815,
              -23.024652387637857
            ],
            [
              -43.509469500494035,
              -23.024687667863176
            ],
            [
              -43.50947120507857,
              -23.02473487869631
            ],
            [
              -43.50971984200916,
              -23.02475540607666
            ],
            [
              -43.509718620883135,
              -23.02486648026745
            ],
            [
              -43.50979543692595,
              -23.024880731706034
            ],
            [
              -43.509775924940854,
              -23.02494625504383
            ],
            [
              -43.50971230989514,
              -23.024924519073863
            ],
            [
              -43.5097010215188,
              -23.02498913996088
            ],
            [
              -43.50960043642369,
              -23.02498057827131
            ],
            [
              -43.509501125828436,
              -23.024989482381272
            ],
            [
              -43.50950184698309,
              -23.024923895870153
            ],
            [
              -43.50944870132279,
              -23.02492339523133
            ],
            [
              -43.509349461923534,
              -23.02492573959456
            ]
          ]
        ]
      },
      "properties": {
        "objectid": 973,
        "cod_favela": 455,
        "nome": "Caeté",
        "bairro": "Recreio dos Bandeirantes",
        "complexo": "Isolada"
      }
    },
    {
      "type": "Feature",
      "id": 975,
      "geometry": {
        "type": "MultiPolygon",
        "coordinates": [
          [
            [
              [
                -43.47197108324357,
                -22.988972782916743
              ],
              [
                -43.47201933344726,
                -22.989005129393938
              ],
              [
                -43.47208614876109,
                -22.98900764871395
              ],
              [
                -43.47214116717236,
                -22.98903493160858
              ],
              [
                -43.472278815486746,
                -22.989037915429314
              ],
              [
                -43.47238970113776,
                -22.989033081032368
              ],
              [
                -43.4723928123472,
                -22.989077089429585
              ],
              [
                -43.47238852039505,
                -22.98911714121008
              ],
              [
                -43.472518658167054,
                -22.989122774409406
              ],
              [
                -43.472539451080074,
                -22.98904577698641
              ],
              [
                -43.47263835634193,
                -22.989076736812176
              ],
              [
                -43.47262625596606,
                -22.989095272312884
              ],
              [
                -43.47269514707039,
                -22.989124162668322
              ],
              [
                -43.472723897692035,
                -22.989135284534687
              ],
              [
                -43.47279701940779,
                -22.98916356990255
              ],
              [
                -43.47281879158727,
                -22.989130022018426
              ],
              [
                -43.47287425930049,
                -22.989154929272885
              ],
              [
                -43.47291610823422,
                -22.989192269454122
              ],
              [
                -43.472995964212885,
                -22.989225450446042
              ],
              [
                -43.47309593787406,
                -22.98927176342541
              ],
              [
                -43.47311635751379,
                -22.989246153543522
              ],
              [
                -43.47322327220159,
                -22.98921216997796
              ],
              [
                -43.47328834824051,
                -22.989245851402096
              ],
              [
                -43.47326409741026,
                -22.98930508733722
              ],
              [
                -43.473334628715605,
                -22.989331097824067
              ],
              [
                -43.47332358917271,
                -22.98935089623371
              ],
              [
                -43.473368970979124,
                -22.989366151998922
              ],
              [
                -43.47347027825259,
                -22.98940353579617
              ],
              [
                -43.47379352038608,
                -22.989522817956708
              ],
              [
                -43.474326469163444,
                -22.989719482099563
              ],
              [
                -43.47420873719079,
                -22.98992353925617
              ],
              [
                -43.47463648404179,
                -22.990140295979316
              ],
              [
                -43.47499797164931,
                -22.99029491565204
              ],
              [
                -43.47540464651262,
                -22.990423520606452
              ],
              [
                -43.47597000407759,
                -22.990595214782033
              ],
              [
                -43.47599933209461,
                -22.990527483709048
              ],
              [
                -43.476589176724374,
                -22.99069941040112
              ],
              [
                -43.477009042463166,
                -22.991107744018375
              ],
              [
                -43.47708234714561,
                -22.99124513456796
              ],
              [
                -43.477333417355425,
                -22.991292908405484
              ],
              [
                -43.477303960594014,
                -22.991400516782026
              ],
              [
                -43.47715928155828,
                -22.991389325273268
              ],
              [
                -43.47752012324752,
                -22.992065615637273
              ],
              [
                -43.477566073566436,
                -22.992054830568755
              ],
              [
                -43.477610338610354,
                -22.99212230924126
              ],
              [
                -43.4775650991315,
                -22.992149908263787
              ],
              [
                -43.47760042636215,
                -22.992216118847796
              ],
              [
                -43.47765650033724,
                -22.992195242928993
              ],
              [
                -43.47769297669395,
                -22.9922590224951
              ],
              [
                -43.47763479248843,
                -22.99228052748965
              ],
              [
                -43.477668237623334,
                -22.992343210437692
              ],
              [
                -43.47769599693591,
                -22.99233879091926
              ],
              [
                -43.47772856010151,
                -22.992402532870617
              ],
              [
                -43.477703129287164,
                -22.992408604005323
              ],
              [
                -43.477715977678855,
                -22.992432684615775
              ],
              [
                -43.47777570134988,
                -22.992415522151664
              ],
              [
                -43.477841885025995,
                -22.992598537445268
              ],
              [
                -43.47788646601207,
                -22.992668054724426
              ],
              [
                -43.477858234523275,
                -22.99267438616202
              ],
              [
                -43.477896833751664,
                -22.992751392448447
              ],
              [
                -43.47793094196368,
                -22.992851098906733
              ],
              [
                -43.47799198590046,
                -22.992815901054072
              ],
              [
                -43.47802810190718,
                -22.992938480303593
              ],
              [
                -43.47807750257399,
                -22.993043627778267
              ],
              [
                -43.47810660359066,
                -22.99310175329251
              ],
              [
                -43.47819237097062,
                -22.993124912463475
              ],
              [
                -43.478224713048206,
                -22.99319492529085
              ],
              [
                -43.478224213894286,
                -22.99322683775083
              ],
              [
                -43.478211757432504,
                -22.99327630040812
              ],
              [
                -43.478199178454716,
                -22.99333677907895
              ],
              [
                -43.478336114790686,
                -22.993559151979635
              ],
              [
                -43.47821939878897,
                -22.9936193337148
              ],
              [
                -43.47816791418007,
                -22.99365324802906
              ],
              [
                -43.47807080090276,
                -22.99348655583105
              ],
              [
                -43.478013924097574,
                -22.993515741013624
              ],
              [
                -43.47804429702512,
                -22.993571099853096
              ],
              [
                -43.478191232867765,
                -22.993780184679522
              ],
              [
                -43.47847551024103,
                -22.994046175058653
              ],
              [
                -43.47878040928288,
                -22.99422795086212
              ],
              [
                -43.47868063084207,
                -22.994353219267104
              ],
              [
                -43.47837139103214,
                -22.99416479793445
              ],
              [
                -43.4780293801125,
                -22.99388605685685
              ],
              [
                -43.47793306493748,
                -22.99371656985892
              ],
              [
                -43.477927969092015,
                -22.993645207631776
              ],
              [
                -43.47792450816616,
                -22.993609259903042
              ],
              [
                -43.47791990084099,
                -22.993561408841185
              ],
              [
                -43.47787206555646,
                -22.993587054817528
              ],
              [
                -43.477848945330265,
                -22.993526232215082
              ],
              [
                -43.47787962153756,
                -22.993487713515048
              ],
              [
                -43.47782112061043,
                -22.993334962547692
              ],
              [
                -43.477740755087176,
                -22.993357164740797
              ],
              [
                -43.477741496258254,
                -22.99329106330124
              ],
              [
                -43.47777571392698,
                -22.993250678484966
              ],
              [
                -43.47760448196786,
                -22.992964924029476
              ],
              [
                -43.477437570322365,
                -22.992691508756998
              ],
              [
                -43.47708175790972,
                -22.991901923788994
              ],
              [
                -43.47688229221982,
                -22.99156889961429
              ],
              [
                -43.47682338266716,
                -22.99160368859678
              ],
              [
                -43.476802198728116,
                -22.99157267577878
              ],
              [
                -43.47686274670086,
                -22.991536268809647
              ],
              [
                -43.47668113930238,
                -22.991233058410515
              ],
              [
                -43.47616546656656,
                -22.990997613641447
              ],
              [
                -43.475433042042084,
                -22.990762566716146
              ],
              [
                -43.47541461484914,
                -22.990798223441686
              ],
              [
                -43.47535118730929,
                -22.990777289116263
              ],
              [
                -43.475364356454136,
                -22.990740524235466
              ],
              [
                -43.475258552478685,
                -22.990713056130033
              ],
              [
                -43.47526218096241,
                -22.99068128851781
              ],
              [
                -43.47460341849465,
                -22.990540496763995
              ],
              [
                -43.474495507720476,
                -22.990493328850324
              ],
              [
                -43.474464665046796,
                -22.99054925115819
              ],
              [
                -43.47437485226582,
                -22.990532126398733
              ],
              [
                -43.47440476985919,
                -22.990447151707702
              ],
              [
                -43.47405495997486,
                -22.990247137592924
              ],
              [
                -43.47398793095344,
                -22.990386128956022
              ],
              [
                -43.47389413935419,
                -22.990332381950733
              ],
              [
                -43.473962482381445,
                -22.990194260350382
              ],
              [
                -43.47388726390442,
                -22.990175317951305
              ],
              [
                -43.473867042960116,
                -22.99020407812638
              ],
              [
                -43.47381017783692,
                -22.990185238450643
              ],
              [
                -43.47382096431291,
                -22.990158621711814
              ],
              [
                -43.473775276655324,
                -22.990147116490363
              ],
              [
                -43.47364867721687,
                -22.990078967268854
              ],
              [
                -43.47362518368538,
                -22.99006632117038
              ],
              [
                -43.47354633958844,
                -22.99002619889444
              ],
              [
                -43.47355909795309,
                -22.989994077684283
              ],
              [
                -43.47343271181875,
                -22.989929537422682
              ],
              [
                -43.47301044921856,
                -22.989665734442415
              ],
              [
                -43.47299626506512,
                -22.989690356791073
              ],
              [
                -43.472898197584165,
                -22.98964262253889
              ],
              [
                -43.472913754256595,
                -22.989611666293037
              ],
              [
                -43.47276601420673,
                -22.989529055031657
              ],
              [
                -43.47264599195294,
                -22.989544900042386
              ],
              [
                -43.47268090662662,
                -22.98968047276936
              ],
              [
                -43.47261489692347,
                -22.989694063203064
              ],
              [
                -43.472613801503485,
                -22.989613410228873
              ],
              [
                -43.47257465006292,
                -22.989592774821237
              ],
              [
                -43.47246504087692,
                -22.989550347752232
              ],
              [
                -43.472500508491976,
                -22.989474594555872
              ],
              [
                -43.47233086743785,
                -22.98939261162776
              ],
              [
                -43.47224435326328,
                -22.989404405651776
              ],
              [
                -43.472246638021296,
                -22.989450684652805
              ],
              [
                -43.472189550429704,
                -22.989452274485988
              ],
              [
                -43.472107452258214,
                -22.989454349185415
              ],
              [
                -43.47202022276515,
                -22.989434957732865
              ],
              [
                -43.47202980712367,
                -22.989473672154947
              ],
              [
                -43.47200040342556,
                -22.989471955288618
              ],
              [
                -43.47197277498991,
                -22.989469119414203
              ],
              [
                -43.471954513587896,
                -22.98948226701447
              ],
              [
                -43.4718630266426,
                -22.98948138451648
              ],
              [
                -43.47184040674144,
                -22.989443141301575
              ],
              [
                -43.471702864714686,
                -22.989449400648443
              ],
              [
                -43.47169554723537,
                -22.98952502063026
              ],
              [
                -43.47162283988337,
                -22.98952431916768
              ],
              [
                -43.47163017275722,
                -22.98945270829391
              ],
              [
                -43.47140365183202,
                -22.989463015550403
              ],
              [
                -43.47122276724214,
                -22.989461270028958
              ],
              [
                -43.47118348046519,
                -22.98946905419751
              ],
              [
                -43.47117693748064,
                -22.98950540308195
              ],
              [
                -43.47112294174797,
                -22.989523658757772
              ],
              [
                -43.47095604068038,
                -22.989469394132378
              ],
              [
                -43.470948120204895,
                -22.989516144498474
              ],
              [
                -43.47086936384,
                -22.98949475521755
              ],
              [
                -43.47070334283206,
                -22.989454085375556
              ],
              [
                -43.47073590015281,
                -22.98938919796401
              ],
              [
                -43.47069218960712,
                -22.9893738591504
              ],
              [
                -43.47042510349001,
                -22.989404653545794
              ],
              [
                -43.47035945905971,
                -22.98938572789545
              ],
              [
                -43.47022751216451,
                -22.989315462579277
              ],
              [
                -43.470131686305386,
                -22.989290183635184
              ],
              [
                -43.46983058614961,
                -22.989301989167142
              ],
              [
                -43.469589191189215,
                -22.989311898188745
              ],
              [
                -43.469213621875575,
                -22.989313333255428
              ],
              [
                -43.4692148420734,
                -22.989387844347625
              ],
              [
                -43.46873664731612,
                -22.989346586785448
              ],
              [
                -43.46866564636271,
                -22.989075047487933
              ],
              [
                -43.46876419877237,
                -22.988873717432764
              ],
              [
                -43.46891246308158,
                -22.988861436578247
              ],
              [
                -43.46931247677737,
                -22.988855016520844
              ],
              [
                -43.469794026558034,
                -22.988842525659695
              ],
              [
                -43.46998645372832,
                -22.988854669897666
              ],
              [
                -43.47026751588425,
                -22.9888882411002
              ],
              [
                -43.47028120672439,
                -22.988987800571653
              ],
              [
                -43.470429251638855,
                -22.98900478812702
              ],
              [
                -43.47060323625453,
                -22.989013969235568
              ],
              [
                -43.47067941866269,
                -22.989009926289473
              ],
              [
                -43.47070421658667,
                -22.98905057582253
              ],
              [
                -43.470807479160534,
                -22.989050924206822
              ],
              [
                -43.47081911066579,
                -22.989099858295496
              ],
              [
                -43.470861432602646,
                -22.989100338166683
              ],
              [
                -43.470865803626296,
                -22.989075046915083
              ],
              [
                -43.47095143846387,
                -22.989041710234982
              ],
              [
                -43.47110542888407,
                -22.98903756913924
              ],
              [
                -43.47131397801611,
                -22.989045208172772
              ],
              [
                -43.471382713588405,
                -22.989057123425713
              ],
              [
                -43.47138307243924,
                -22.989025245813018
              ],
              [
                -43.47165242567875,
                -22.98902972044618
              ],
              [
                -43.47197108324357,
                -22.988972782916743
              ]
            ]
          ],
          [
            [
              [
                -43.47851274759538,
                -22.9939748446972
              ],
              [
                -43.47845750077935,
                -22.99392986862007
              ],
              [
                -43.4784243140294,
                -22.993878969533487
              ],
              [
                -43.4785284519886,
                -22.993804955626135
              ],
              [
                -43.47854296444584,
                -22.993791295314836
              ],
              [
                -43.47861279652284,
                -22.993848145729554
              ],
              [
                -43.478776111816416,
                -22.99394757579779
              ],
              [
                -43.47903668076765,
                -22.994103277569497
              ],
              [
                -43.478947668667615,
                -22.994252979669934
              ],
              [
                -43.4786457121933,
                -22.994068090477022
              ],
              [
                -43.478591132593294,
                -22.994034599540527
              ],
              [
                -43.47851274759538,
                -22.9939748446972
              ]
            ]
          ],
          [
            [
              [
                -43.478257826330236,
                -22.993783146415247
              ],
              [
                -43.47821508065724,
                -22.993728253962377
              ],
              [
                -43.47838223576957,
                -22.993635709321584
              ],
              [
                -43.478445499609904,
                -22.993707447900615
              ],
              [
                -43.47851295713092,
                -22.99376831160062
              ],
              [
                -43.47834047800399,
                -22.993869962890056
              ],
              [
                -43.478310103719274,
                -22.993816623470092
              ],
              [
                -43.47829442649584,
                -22.993833677340668
              ],
              [
                -43.478257826330236,
                -22.993783146415247
              ]
            ]
          ],
          [
            [
              [
                -43.47085062300568,
                -22.989604345038934
              ],
              [
                -43.47085479019227,
                -22.989578099933002
              ],
              [
                -43.470885677200776,
                -22.98958556705076
              ],
              [
                -43.47087893019791,
                -22.98961178635243
              ],
              [
                -43.47085062300568,
                -22.989604345038934
              ]
            ]
          ],
          [
            [
              [
                -43.4708023718825,
                -22.98953458281001
              ],
              [
                -43.47080001978018,
                -22.989514249821013
              ],
              [
                -43.47082839323549,
                -22.98951571854125
              ],
              [
                -43.47082815108212,
                -22.989537221316535
              ],
              [
                -43.4708023718825,
                -22.98953458281001
              ]
            ]
          ]
        ]
      },
      "properties": {
        "objectid": 975,
        "cod_favela": 458,
        "nome": "Santa Luzia",
        "bairro": "Vargem Pequena",
        "complexo": "Isolada"
      }
    },
    {
      "type": "Feature",
      "id": 976,
      "geometry": {
        "type": "MultiPolygon",
        "coordinates": [
          [
            [
              [
                -43.44520521687827,
                -22.994205685401365
              ],
              [
                -43.445301064622406,
                -22.994209797078483
              ],
              [
                -43.44545176102011,
                -22.994238306373603
              ],
              [
                -43.445508633125364,
                -22.994247942643156
              ],
              [
                -43.44566319021753,
                -22.99426737090092
              ],
              [
                -43.44586420925322,
                -22.994342942659657
              ],
              [
                -43.445929709993926,
                -22.99410560155316
              ],
              [
                -43.44614538384294,
                -22.994118612702596
              ],
              [
                -43.44619818333413,
                -22.994274923091254
              ],
              [
                -43.44636706672048,
                -22.994282244996445
              ],
              [
                -43.44671177023072,
                -22.994330487081534
              ],
              [
                -43.44692914175013,
                -22.994401751989145
              ],
              [
                -43.446947099876525,
                -22.99437265366257
              ],
              [
                -43.44700670166317,
                -22.994397207600556
              ],
              [
                -43.44708155600731,
                -22.994246288045826
              ],
              [
                -43.447217990145084,
                -22.994295186316457
              ],
              [
                -43.447351433959334,
                -22.99430600609168
              ],
              [
                -43.44736300335855,
                -22.99431359367039
              ],
              [
                -43.447381103586686,
                -22.99425943799626
              ],
              [
                -43.44745089047616,
                -22.99427367690582
              ],
              [
                -43.44742603816266,
                -22.99435493385878
              ],
              [
                -43.44771295035995,
                -22.994435403847323
              ],
              [
                -43.44794826429092,
                -22.994509199454253
              ],
              [
                -43.44800710232937,
                -22.994649559012
              ],
              [
                -43.44805584329805,
                -22.994574786480555
              ],
              [
                -43.44808171266827,
                -22.99458859388708
              ],
              [
                -43.44804702727166,
                -22.994672870342217
              ],
              [
                -43.4482262259824,
                -22.99477750250825
              ],
              [
                -43.44829298786365,
                -22.994600264890895
              ],
              [
                -43.44840589743629,
                -22.99473095518664
              ],
              [
                -43.448518761872336,
                -22.994882599009944
              ],
              [
                -43.44863009954204,
                -22.995016604446914
              ],
              [
                -43.449507981454516,
                -22.9961130963381
              ],
              [
                -43.44959660145494,
                -22.996232071306146
              ],
              [
                -43.44967222993999,
                -22.99630644612113
              ],
              [
                -43.449632045343,
                -22.996342869995875
              ],
              [
                -43.4495104701542,
                -22.9964242921678
              ],
              [
                -43.44942249898178,
                -22.996330240412593
              ],
              [
                -43.44949215053588,
                -22.99627069817431
              ],
              [
                -43.44944974806506,
                -22.996233465810672
              ],
              [
                -43.449422603757334,
                -22.99625684809306
              ],
              [
                -43.44927250272555,
                -22.996152968988348
              ],
              [
                -43.44793414654888,
                -22.995492049521843
              ],
              [
                -43.44765442713864,
                -22.995292167541127
              ],
              [
                -43.447616043047894,
                -22.995337042719804
              ],
              [
                -43.447318678762926,
                -22.995023886745887
              ],
              [
                -43.44734379531459,
                -22.994980271466723
              ],
              [
                -43.447250567169014,
                -22.994885325361217
              ],
              [
                -43.447224157607714,
                -22.9948713300957
              ],
              [
                -43.447183288318165,
                -22.994914125320303
              ],
              [
                -43.44705899191811,
                -22.994830075822573
              ],
              [
                -43.447084431486466,
                -22.994797283049177
              ],
              [
                -43.44678697683863,
                -22.994639647684338
              ],
              [
                -43.44674275218607,
                -22.99463116815311
              ],
              [
                -43.44672728884431,
                -22.994674714537883
              ],
              [
                -43.446686729309334,
                -22.994665281122185
              ],
              [
                -43.44669996616495,
                -22.994622964621353
              ],
              [
                -43.44647873789176,
                -22.99458054763262
              ],
              [
                -43.44618030311572,
                -22.99472342143313
              ],
              [
                -43.44616357222207,
                -22.9948468401733
              ],
              [
                -43.44620138669942,
                -22.994857809179294
              ],
              [
                -43.44618920813798,
                -22.994926966593603
              ],
              [
                -43.4461531925995,
                -22.994923399987027
              ],
              [
                -43.446140980228485,
                -22.995013490318158
              ],
              [
                -43.446277547570844,
                -22.99502572523914
              ],
              [
                -43.44626488644222,
                -22.995137046074152
              ],
              [
                -43.44610084552366,
                -22.99511283634991
              ],
              [
                -43.44590611472303,
                -22.995393655123202
              ],
              [
                -43.44584336709829,
                -22.99558370096499
              ],
              [
                -43.44595944962929,
                -22.995933860592014
              ],
              [
                -43.44598797618526,
                -22.996179536100172
              ],
              [
                -43.44625067694623,
                -22.996512967091178
              ],
              [
                -43.44664527633272,
                -22.996965455537783
              ],
              [
                -43.446926727443724,
                -22.997248599862974
              ],
              [
                -43.44728563375072,
                -22.99764465803739
              ],
              [
                -43.44749549804532,
                -22.99783176966528
              ],
              [
                -43.44771722103246,
                -22.99804142789228
              ],
              [
                -43.44832535023778,
                -22.998361417997653
              ],
              [
                -43.4484729209878,
                -22.998699326795013
              ],
              [
                -43.44851915119373,
                -22.998800879628337
              ],
              [
                -43.44862326652799,
                -22.99876142478076
              ],
              [
                -43.44878608848465,
                -22.998968517757806
              ],
              [
                -43.44864866057699,
                -22.999056203159352
              ],
              [
                -43.44869705424765,
                -22.999127074001013
              ],
              [
                -43.44873938063375,
                -22.999102567211875
              ],
              [
                -43.44884049765905,
                -22.999222533830796
              ],
              [
                -43.44878505391529,
                -22.99925594870746
              ],
              [
                -43.4488054282853,
                -22.99928578574941
              ],
              [
                -43.44900414652915,
                -22.99938867039556
              ],
              [
                -43.44931992656028,
                -22.999318862640287
              ],
              [
                -43.44939279570619,
                -22.99919505849568
              ],
              [
                -43.449354986183835,
                -22.999185404270744
              ],
              [
                -43.449371819071324,
                -22.999135869858716
              ],
              [
                -43.44942493999842,
                -22.999140444069113
              ],
              [
                -43.449439872262886,
                -22.998893851547333
              ],
              [
                -43.44943669745675,
                -22.998641474295603
              ],
              [
                -43.449458070278716,
                -22.998361297512552
              ],
              [
                -43.44931732334431,
                -22.99795616445071
              ],
              [
                -43.44924964023835,
                -22.99751810033562
              ],
              [
                -43.4493197867147,
                -22.99721036395696
              ],
              [
                -43.44936365601505,
                -22.997081816219485
              ],
              [
                -43.44939567027591,
                -22.99705903163456
              ],
              [
                -43.44937609237989,
                -22.99705307989032
              ],
              [
                -43.449383046568066,
                -22.997013991679317
              ],
              [
                -43.44944915356582,
                -22.997020967933786
              ],
              [
                -43.44947953365039,
                -22.996935001752757
              ],
              [
                -43.449439330589975,
                -22.996928699075852
              ],
              [
                -43.44944645579272,
                -22.99687455221069
              ],
              [
                -43.449498572611645,
                -22.996881125955312
              ],
              [
                -43.44952921068673,
                -22.99679443076416
              ],
              [
                -43.449578636277195,
                -22.99655757633291
              ],
              [
                -43.44946593827153,
                -22.99659311596987
              ],
              [
                -43.44945536086171,
                -22.996522229068912
              ],
              [
                -43.44958455907003,
                -22.996478704879355
              ],
              [
                -43.449716050185245,
                -22.996390461862628
              ],
              [
                -43.449785123803736,
                -22.99646932777213
              ],
              [
                -43.44986650759382,
                -22.99657526215746
              ],
              [
                -43.44988912245988,
                -22.99657316250097
              ],
              [
                -43.44989149624965,
                -22.996647192302856
              ],
              [
                -43.449869667120176,
                -22.996729292055306
              ],
              [
                -43.44980255039401,
                -22.996751459515522
              ],
              [
                -43.44979106066925,
                -22.99681835358087
              ],
              [
                -43.44966892260866,
                -22.99730911297025
              ],
              [
                -43.4496034241445,
                -22.997740264877685
              ],
              [
                -43.449637586475596,
                -22.997931262863183
              ],
              [
                -43.44973199405778,
                -22.998150886857925
              ],
              [
                -43.44977891172154,
                -22.99828593083792
              ],
              [
                -43.44977845111875,
                -22.99840953459018
              ],
              [
                -43.44976996668923,
                -22.998506330342035
              ],
              [
                -43.45000947751617,
                -22.998514539542033
              ],
              [
                -43.44995744713935,
                -22.99882801039685
              ],
              [
                -43.44974993415685,
                -22.998870864797432
              ],
              [
                -43.449750438151646,
                -22.99902206719882
              ],
              [
                -43.44990841648031,
                -22.999014616791378
              ],
              [
                -43.44990444112527,
                -22.99907783105337
              ],
              [
                -43.44995082134726,
                -22.99914756197191
              ],
              [
                -43.44991970972993,
                -22.999165330556938
              ],
              [
                -43.4497505984706,
                -22.999070293226087
              ],
              [
                -43.44975096025145,
                -22.999178772445642
              ],
              [
                -43.44986579056689,
                -22.999185886864417
              ],
              [
                -43.449854466367434,
                -22.999322824403407
              ],
              [
                -43.449740741025174,
                -22.99930966270283
              ],
              [
                -43.44972067144092,
                -22.999357659079074
              ],
              [
                -43.4496575009166,
                -22.99946236084814
              ],
              [
                -43.44972178326559,
                -22.999581869697487
              ],
              [
                -43.44986250555987,
                -22.999473505409817
              ],
              [
                -43.450124595795394,
                -22.999726803951248
              ],
              [
                -43.450323664047836,
                -22.999924690764313
              ],
              [
                -43.45003138625936,
                -23.000070037540556
              ],
              [
                -43.45000798256355,
                -23.00003592093871
              ],
              [
                -43.449801552644644,
                -23.00010865639767
              ],
              [
                -43.44971734583173,
                -23.0001437100384
              ],
              [
                -43.449615378103346,
                -23.000172892905944
              ],
              [
                -43.44958158118363,
                -23.0001200703545
              ],
              [
                -43.44955492809751,
                -23.000136675946123
              ],
              [
                -43.44950999209241,
                -23.000084233806763
              ],
              [
                -43.449422491993644,
                -23.000136690549205
              ],
              [
                -43.44943954577725,
                -23.000156377425565
              ],
              [
                -43.449380960819454,
                -23.000186438282356
              ],
              [
                -43.44927109608147,
                -23.000186587977186
              ],
              [
                -43.44925024251762,
                -23.000158200307464
              ],
              [
                -43.44918074485574,
                -23.00019725218502
              ],
              [
                -43.44913588060146,
                -23.000161250921778
              ],
              [
                -43.44901784255902,
                -23.00021674084199
              ],
              [
                -43.448934644402,
                -23.000237010035455
              ],
              [
                -43.448856071421424,
                -23.00021885457753
              ],
              [
                -43.44879024727858,
                -23.000232405832662
              ],
              [
                -43.44878935892355,
                -23.000280767870642
              ],
              [
                -43.448714242182305,
                -23.00030563438292
              ],
              [
                -43.44865471885969,
                -23.00033054705418
              ],
              [
                -43.44850736474987,
                -23.000350609247157
              ],
              [
                -43.44848935075428,
                -23.000294349432995
              ],
              [
                -43.44554826624054,
                -22.996348387442264
              ],
              [
                -43.44444080974286,
                -22.9948185007003
              ],
              [
                -43.44443767556686,
                -22.994796528802027
              ],
              [
                -43.444409534390985,
                -22.99478750938202
              ],
              [
                -43.444397125701734,
                -22.994734677352522
              ],
              [
                -43.444467223039474,
                -22.994721810994196
              ],
              [
                -43.44439451474326,
                -22.994252723817475
              ],
              [
                -43.44448700183252,
                -22.99423802636951
              ],
              [
                -43.44449498097113,
                -22.994286843003763
              ],
              [
                -43.444938072963495,
                -22.994232459107664
              ],
              [
                -43.444892404169046,
                -22.99410098714229
              ],
              [
                -43.444951011033446,
                -22.994097044279528
              ],
              [
                -43.44496817284776,
                -22.99416832566858
              ],
              [
                -43.445083804601886,
                -22.994176602697696
              ],
              [
                -43.4451229062783,
                -22.99419899902785
              ],
              [
                -43.44520521687827,
                -22.994205685401365
              ]
            ]
          ],
          [
            [
              [
                -43.44847634727385,
                -22.994664261302873
              ],
              [
                -43.448510740364014,
                -22.994635924350597
              ],
              [
                -43.448571907478154,
                -22.99470390752979
              ],
              [
                -43.44852973995784,
                -22.994735035726166
              ],
              [
                -43.44847634727385,
                -22.994664261302873
              ]
            ]
          ]
        ]
      },
      "properties": {
        "objectid": 976,
        "cod_favela": 459,
        "nome": "A.M. e Amigos do Fontela",
        "bairro": "Recreio dos Bandeirantes",
        "complexo": "Isolada"
      }
    },
    {
      "type": "Feature",
      "id": 913,
      "geometry": {
        "type": "Polygon",
        "coordinates": [
          [
            [
              -43.494385209855906,
              -22.99945202346164
            ],
            [
              -43.49433167293571,
              -22.999635717063224
            ],
            [
              -43.49452200723574,
              -22.999644588156144
            ],
            [
              -43.494512929881566,
              -22.99976409750473
            ],
            [
              -43.49486506454505,
              -22.999869329186453
            ],
            [
              -43.49488724155966,
              -23.00023933333085
            ],
            [
              -43.49465452875117,
              -23.000207300103984
            ],
            [
              -43.49463397565151,
              -23.000090955415384
            ],
            [
              -43.49429739717681,
              -23.00006807821036
            ],
            [
              -43.49428501305184,
              -23.000369463833053
            ],
            [
              -43.49408897275912,
              -23.000358041006116
            ],
            [
              -43.49419271359137,
              -22.9994154065757
            ],
            [
              -43.49412718787853,
              -22.999240106179904
            ],
            [
              -43.494327824933514,
              -22.998788652442794
            ],
            [
              -43.494493716320385,
              -22.998132930295906
            ],
            [
              -43.494766927019455,
              -22.99733488087054
            ],
            [
              -43.49489123078426,
              -22.997364032087056
            ],
            [
              -43.49519203396071,
              -22.996461355614876
            ],
            [
              -43.49527344730944,
              -22.9959306956449
            ],
            [
              -43.495454245836555,
              -22.995321941602093
            ],
            [
              -43.49564711411405,
              -22.99492731780583
            ],
            [
              -43.495832434333245,
              -22.99440884658382
            ],
            [
              -43.49600399492496,
              -22.993896939284692
            ],
            [
              -43.496165948149894,
              -22.993432340257712
            ],
            [
              -43.496285122235726,
              -22.993255773148437
            ],
            [
              -43.49632552227267,
              -22.99327271823645
            ],
            [
              -43.49642562520207,
              -22.993172585006395
            ],
            [
              -43.49658929051781,
              -22.99271612619744
            ],
            [
              -43.49683877585283,
              -22.99201224596488
            ],
            [
              -43.49674083110816,
              -22.99199033862568
            ],
            [
              -43.496794903013615,
              -22.99175911179436
            ],
            [
              -43.49694027348742,
              -22.99127095150318
            ],
            [
              -43.49709010464847,
              -22.99037968314594
            ],
            [
              -43.49716375609627,
              -22.98981405081964
            ],
            [
              -43.49722945685327,
              -22.98952173533313
            ],
            [
              -43.497353188412646,
              -22.989535812935628
            ],
            [
              -43.49730421110739,
              -22.9898804346649
            ],
            [
              -43.49726910751968,
              -22.99010432228232
            ],
            [
              -43.49732501703049,
              -22.99011244162979
            ],
            [
              -43.49738847810951,
              -22.989715826903357
            ],
            [
              -43.497413422261324,
              -22.989560744358325
            ],
            [
              -43.497493317624055,
              -22.989571059964604
            ],
            [
              -43.49746968536015,
              -22.98984085319908
            ],
            [
              -43.49743813553724,
              -22.989893123256795
            ],
            [
              -43.49761221395116,
              -22.989918741532346
            ],
            [
              -43.49756394185379,
              -22.990033840820058
            ],
            [
              -43.497703836898815,
              -22.99007972431926
            ],
            [
              -43.49787167293743,
              -22.99011050952747
            ],
            [
              -43.49790756931508,
              -22.990191134431186
            ],
            [
              -43.498074804625524,
              -22.990258168030195
            ],
            [
              -43.49807984475194,
              -22.99021223753487
            ],
            [
              -43.49836585253106,
              -22.99025557077748
            ],
            [
              -43.498347409627385,
              -22.990477449119386
            ],
            [
              -43.49852683897724,
              -22.99050841038918
            ],
            [
              -43.49850244332339,
              -22.990636037805874
            ],
            [
              -43.49833608238812,
              -22.990613718696032
            ],
            [
              -43.497448123173065,
              -22.990555268081952
            ],
            [
              -43.49743572072644,
              -22.990622894107716
            ],
            [
              -43.497412462087055,
              -22.990867965884433
            ],
            [
              -43.49724418150703,
              -22.991551087154072
            ],
            [
              -43.4969283780648,
              -22.992446634758867
            ],
            [
              -43.497033720851746,
              -22.992482597131858
            ],
            [
              -43.49697204489125,
              -22.9926857223924
            ],
            [
              -43.49699785324501,
              -22.992713603906548
            ],
            [
              -43.49693907349914,
              -22.99290438105944
            ],
            [
              -43.49680478236878,
              -22.99329194936039
            ],
            [
              -43.496751078488195,
              -22.99332538646791
            ],
            [
              -43.49670966517483,
              -22.993440998409394
            ],
            [
              -43.49663019546165,
              -22.9936871593306
            ],
            [
              -43.49682741306568,
              -22.99374648085002
            ],
            [
              -43.496686001013664,
              -22.994076820612687
            ],
            [
              -43.49675374353475,
              -22.994099786164742
            ],
            [
              -43.49668401345222,
              -22.994236399795852
            ],
            [
              -43.49723560542728,
              -22.994420849027925
            ],
            [
              -43.49783318584389,
              -22.99463339989368
            ],
            [
              -43.49790913442353,
              -22.994595660464647
            ],
            [
              -43.49806298747084,
              -22.99468452692701
            ],
            [
              -43.49794653307764,
              -22.99487651771248
            ],
            [
              -43.49727871869998,
              -22.994572200564292
            ],
            [
              -43.49642444670615,
              -22.994301871961092
            ],
            [
              -43.49602782272161,
              -22.995333004805136
            ],
            [
              -43.49598485258741,
              -22.995461958949193
            ],
            [
              -43.49576622278784,
              -22.996106693519174
            ],
            [
              -43.49561530499843,
              -22.99651482291482
            ],
            [
              -43.49546648845029,
              -22.99690051310099
            ],
            [
              -43.495342216557695,
              -22.996883208066958
            ],
            [
              -43.49527684846502,
              -22.99698660288677
            ],
            [
              -43.49515429325046,
              -22.99742142666567
            ],
            [
              -43.49527830022527,
              -22.99744040645663
            ],
            [
              -43.49525259499298,
              -22.997522681852494
            ],
            [
              -43.49522941685308,
              -22.99757622568687
            ],
            [
              -43.4951146355737,
              -22.9975526526098
            ],
            [
              -43.49507947272914,
              -22.99765144209321
            ],
            [
              -43.49519277182718,
              -22.997680420781087
            ],
            [
              -43.49514606648301,
              -22.99781326228759
            ],
            [
              -43.49503340913727,
              -22.99778085687501
            ],
            [
              -43.49501234881422,
              -22.997840025601533
            ],
            [
              -43.49508864295942,
              -22.99786716796886
            ],
            [
              -43.495076591396,
              -22.997906480361628
            ],
            [
              -43.494997531270016,
              -22.997881654413998
            ],
            [
              -43.49497396879235,
              -22.99794785006749
            ],
            [
              -43.495072708214344,
              -22.99798026235307
            ],
            [
              -43.49499026342304,
              -22.99812669129735
            ],
            [
              -43.49496497661151,
              -22.998195747921393
            ],
            [
              -43.49489382629475,
              -22.998173006543066
            ],
            [
              -43.49478478519227,
              -22.99847935124146
            ],
            [
              -43.4948923543131,
              -22.998510377284138
            ],
            [
              -43.494856508547876,
              -22.998618102960833
            ],
            [
              -43.49481996229232,
              -22.998713336239195
            ],
            [
              -43.494717741830144,
              -22.99867836012932
            ],
            [
              -43.49469033930473,
              -22.9987606544859
            ],
            [
              -43.49477370357485,
              -22.998811464735198
            ],
            [
              -43.49473715718183,
              -22.99890669979243
            ],
            [
              -43.49462337512048,
              -22.99886207851118
            ],
            [
              -43.49460717451492,
              -22.998926442081896
            ],
            [
              -43.494520188797544,
              -22.998914438993204
            ],
            [
              -43.494441198203546,
              -22.999211513956674
            ],
            [
              -43.4945298678038,
              -22.999230209016694
            ],
            [
              -43.49450092484257,
              -22.999343443348454
            ],
            [
              -43.49447936214589,
              -22.999442929996214
            ],
            [
              -43.494385209855906,
              -22.99945202346164
            ]
          ]
        ]
      },
      "properties": {
        "objectid": 913,
        "cod_favela": 363,
        "nome": "Beira do Canal",
        "bairro": "Vargem Grande",
        "complexo": "Isolada"
      }
    },
    {
      "type": "Feature",
      "id": 912,
      "geometry": {
        "type": "Polygon",
        "coordinates": [
          [
            [
              -43.44886156548297,
              -23.008044326247546
            ],
            [
              -43.44867335517255,
              -23.00881623885258
            ],
            [
              -43.44864815981239,
              -23.008905264594574
            ],
            [
              -43.44863001084293,
              -23.008960451132445
            ],
            [
              -43.448486532176375,
              -23.008920283460874
            ],
            [
              -43.44851253316503,
              -23.008835466019704
            ],
            [
              -43.448428511452946,
              -23.008813134943843
            ],
            [
              -43.448305833601914,
              -23.00878696782439
            ],
            [
              -43.44812086657881,
              -23.00877693642541
            ],
            [
              -43.44811065759288,
              -23.008838538769606
            ],
            [
              -43.44806788283661,
              -23.008842513992732
            ],
            [
              -43.448025516215885,
              -23.00899049351088
            ],
            [
              -43.44800089952902,
              -23.009144702391612
            ],
            [
              -43.44777235991385,
              -23.00909125977774
            ],
            [
              -43.44781362174683,
              -23.008938056748672
            ],
            [
              -43.44794443836964,
              -23.008972639767062
            ],
            [
              -43.447958296039026,
              -23.008876599618826
            ],
            [
              -43.447887290308856,
              -23.00885832349812
            ],
            [
              -43.44787839920591,
              -23.008805497297637
            ],
            [
              -43.44784562302433,
              -23.008762008098046
            ],
            [
              -43.44774438753734,
              -23.008756517102572
            ],
            [
              -43.44762318866454,
              -23.00873659453218
            ],
            [
              -43.44782171884308,
              -23.008011654321564
            ],
            [
              -43.4478765594089,
              -23.007817355497238
            ],
            [
              -43.44886156548297,
              -23.008044326247546
            ]
          ]
        ]
      },
      "properties": {
        "objectid": 912,
        "cod_favela": 362,
        "nome": "Vista Alegre do Recreio",
        "bairro": "Recreio dos Bandeirantes",
        "complexo": "Isolada"
      }
    },
    {
      "type": "Feature",
      "id": 911,
      "geometry": {
        "type": "Polygon",
        "coordinates": [
          [
            [
              -43.48342931804949,
              -23.01735584375432
            ],
            [
              -43.4835099270038,
              -23.017393799480967
            ],
            [
              -43.4835596023025,
              -23.017316939347612
            ],
            [
              -43.483622567045124,
              -23.017350112812416
            ],
            [
              -43.48359969519711,
              -23.017436067729072
            ],
            [
              -43.48394750805399,
              -23.017599839424214
            ],
            [
              -43.48470077690145,
              -23.017855042473105
            ],
            [
              -43.48468058061487,
              -23.01805147227776
            ],
            [
              -43.48506844486435,
              -23.018138500290238
            ],
            [
              -43.48543122224413,
              -23.01821528973162
            ],
            [
              -43.485419119948865,
              -23.018331814832923
            ],
            [
              -43.48518200556792,
              -23.018286221779718
            ],
            [
              -43.48490521835725,
              -23.018246913620953
            ],
            [
              -43.48489161921714,
              -23.018389957149246
            ],
            [
              -43.4849941699764,
              -23.018405237108347
            ],
            [
              -43.484983124697585,
              -23.018469648595367
            ],
            [
              -43.48494956879798,
              -23.018469327364052
            ],
            [
              -43.4849401705037,
              -23.0186173882138
            ],
            [
              -43.484857678139925,
              -23.01860704073519
            ],
            [
              -43.48486965253669,
              -23.0184317167297
            ],
            [
              -43.48479272476322,
              -23.018416202451064
            ],
            [
              -43.48474106923614,
              -23.01856778637665
            ],
            [
              -43.484564159581296,
              -23.01852467981206
            ],
            [
              -43.48457430959351,
              -23.018493337529012
            ],
            [
              -43.484393620395544,
              -23.018454326370648
            ],
            [
              -43.48316006237063,
              -23.01817544530086
            ],
            [
              -43.48342931804949,
              -23.01735584375432
            ]
          ]
        ]
      },
      "properties": {
        "objectid": 911,
        "cod_favela": 371,
        "nome": "Restinga",
        "bairro": "Recreio dos Bandeirantes",
        "complexo": "Isolada"
      }
    },
    {
      "type": "Feature",
      "id": 916,
      "geometry": {
        "type": "Polygon",
        "coordinates": [
          [
            [
              -43.4407168667485,
              -23.00048439458806
            ],
            [
              -43.442834752939554,
              -23.0009645229335
            ],
            [
              -43.44480457346131,
              -23.001378867882323
            ],
            [
              -43.44595145495488,
              -23.001739186737332
            ],
            [
              -43.447425960819615,
              -23.002084338196664
            ],
            [
              -43.44902914010187,
              -23.002458293320082
            ],
            [
              -43.45100829806592,
              -23.002927770343764
            ],
            [
              -43.451217181767305,
              -23.00297791797388
            ],
            [
              -43.45151157579245,
              -23.003027164010213
            ],
            [
              -43.45157793967659,
              -23.003063877036524
            ],
            [
              -43.452655061705705,
              -23.00328563501109
            ],
            [
              -43.452732799071256,
              -23.00329531743107
            ],
            [
              -43.45272491657269,
              -23.003333216348082
            ],
            [
              -43.452771154320274,
              -23.003353744395078
            ],
            [
              -43.4528769268223,
              -23.003369382182065
            ],
            [
              -43.45273562199668,
              -23.00377908356688
            ],
            [
              -43.45259930313884,
              -23.003751399446116
            ],
            [
              -43.45267942200968,
              -23.003500069121998
            ],
            [
              -43.45165870411379,
              -23.003301655587016
            ],
            [
              -43.45153064792322,
              -23.00327637327722
            ],
            [
              -43.45147305709598,
              -23.003467403810454
            ],
            [
              -43.45098026827583,
              -23.003377642220414
            ],
            [
              -43.45086752877073,
              -23.00335822953789
            ],
            [
              -43.45078633343923,
              -23.003669214261592
            ],
            [
              -43.4506586184038,
              -23.004131638346685
            ],
            [
              -43.45062937436569,
              -23.004186445708093
            ],
            [
              -43.45083660390311,
              -23.004257817146588
            ],
            [
              -43.4507495772502,
              -23.004554754608694
            ],
            [
              -43.45053734977471,
              -23.00451684685558
            ],
            [
              -43.45049212680231,
              -23.00457822781047
            ],
            [
              -43.45025349367936,
              -23.00451922102174
            ],
            [
              -43.44997057914715,
              -23.004439173155024
            ],
            [
              -43.44977066410559,
              -23.004401151921073
            ],
            [
              -43.44964006279037,
              -23.004382551457322
            ],
            [
              -43.44963181565975,
              -23.00440019790788
            ],
            [
              -43.44932691295572,
              -23.00433795342351
            ],
            [
              -43.44934324688984,
              -23.004304232209073
            ],
            [
              -43.44893808929797,
              -23.004207529427173
            ],
            [
              -43.44885479614373,
              -23.004191257586594
            ],
            [
              -43.44861276137137,
              -23.00412511749511
            ],
            [
              -43.44864672910637,
              -23.003998359776553
            ],
            [
              -43.44868283037309,
              -23.003859225017855
            ],
            [
              -43.44872717999311,
              -23.003723925296583
            ],
            [
              -43.448766734212306,
              -23.003618530311943
            ],
            [
              -43.44878931180236,
              -23.003534371867882
            ],
            [
              -43.44888483455851,
              -23.003242944742777
            ],
            [
              -43.44890019661355,
              -23.003140706615184
            ],
            [
              -43.44895766738124,
              -23.002981559489555
            ],
            [
              -43.448986196625135,
              -23.002920016352054
            ],
            [
              -43.44902214438794,
              -23.002781874293643
            ],
            [
              -43.448640856474775,
              -23.002689102997397
            ],
            [
              -43.448655196579885,
              -23.002617470405777
            ],
            [
              -43.447356125207435,
              -23.002338245379306
            ],
            [
              -43.44640587234751,
              -23.00214763771822
            ],
            [
              -43.44573873055357,
              -23.002108130734445
            ],
            [
              -43.44531430981957,
              -23.003414171783774
            ],
            [
              -43.44518051864544,
              -23.00377951600567
            ],
            [
              -43.44505227089396,
              -23.003742521375276
            ],
            [
              -43.44509953653792,
              -23.00334751744428
            ],
            [
              -43.44553181106614,
              -23.00199226771113
            ],
            [
              -43.445175691774274,
              -23.001896914013656
            ],
            [
              -43.44492818360082,
              -23.001848554858018
            ],
            [
              -43.44485855026157,
              -23.002017085248678
            ],
            [
              -43.44429991288469,
              -23.00183031078991
            ],
            [
              -43.444319602704816,
              -23.001665698097593
            ],
            [
              -43.443357609512354,
              -23.001409159184796
            ],
            [
              -43.4433361520241,
              -23.001486331346424
            ],
            [
              -43.44323132831843,
              -23.001689619840167
            ],
            [
              -43.443169145001924,
              -23.001673129077833
            ],
            [
              -43.44282573076047,
              -23.001568703244164
            ],
            [
              -43.442312254194675,
              -23.0014727096804
            ],
            [
              -43.442357194630695,
              -23.001250872631765
            ],
            [
              -43.44196044315414,
              -23.001170349474275
            ],
            [
              -43.44193044419885,
              -23.00125303214443
            ],
            [
              -43.441545446832876,
              -23.001174335908008
            ],
            [
              -43.44155398965733,
              -23.001087855902803
            ],
            [
              -43.44097902458459,
              -23.000971159655606
            ],
            [
              -43.44094096859227,
              -23.001160200709176
            ],
            [
              -43.44082782349058,
              -23.00113437667492
            ],
            [
              -43.44088703299905,
              -23.00095248885253
            ],
            [
              -43.44060774151914,
              -23.000895802258633
            ],
            [
              -43.439707481497194,
              -23.0007094107694
            ],
            [
              -43.4396708402183,
              -23.00084857034562
            ],
            [
              -43.43913972336946,
              -23.000691016607043
            ],
            [
              -43.4391077722164,
              -23.00066382059134
            ],
            [
              -43.439134361011135,
              -23.00056894543308
            ],
            [
              -43.43899268732621,
              -23.00048086207893
            ],
            [
              -43.438887526239306,
              -23.000658642110036
            ],
            [
              -43.43878429019862,
              -23.000626827374276
            ],
            [
              -43.438798844379356,
              -23.00055117102575
            ],
            [
              -43.43864011024398,
              -23.00050451370889
            ],
            [
              -43.4386728402936,
              -23.000354099218406
            ],
            [
              -43.43832761070816,
              -23.000247071244875
            ],
            [
              -43.43562020511388,
              -22.999602327019947
            ],
            [
              -43.435043222849586,
              -22.999464782132062
            ],
            [
              -43.432202257162615,
              -22.998826901719365
            ],
            [
              -43.43198405292832,
              -22.99877839472375
            ],
            [
              -43.43189759633881,
              -22.99875256139346
            ],
            [
              -43.431958852500955,
              -22.99847718346932
            ],
            [
              -43.4321171972575,
              -22.998511008459413
            ],
            [
              -43.432091515263735,
              -22.99861407339658
            ],
            [
              -43.43224913661465,
              -22.998621359583417
            ],
            [
              -43.43232941269868,
              -22.99863905052565
            ],
            [
              -43.43234843142817,
              -22.998602903131687
            ],
            [
              -43.432406332910986,
              -22.998617813136743
            ],
            [
              -43.43241354887764,
              -22.998657591532307
            ],
            [
              -43.432918019072744,
              -22.99876876368178
            ],
            [
              -43.43294751023609,
              -22.9986912698663
            ],
            [
              -43.43355000541601,
              -22.998819094274477
            ],
            [
              -43.433518969812575,
              -22.998901195048578
            ],
            [
              -43.43549864362455,
              -22.999337438071414
            ],
            [
              -43.438816630491424,
              -23.000061500333025
            ],
            [
              -43.4396975089416,
              -23.00025389651028
            ],
            [
              -43.4407168667485,
              -23.00048439458806
            ]
          ]
        ]
      },
      "properties": {
        "objectid": 916,
        "cod_favela": 368,
        "nome": "Canal do Cortado",
        "bairro": "Recreio dos Bandeirantes",
        "complexo": "Isolada"
      }
    },
    {
      "type": "Feature",
      "id": 915,
      "geometry": {
        "type": "Polygon",
        "coordinates": [
          [
            [
              -43.482708123236584,
              -23.025944593052134
            ],
            [
              -43.481862338838276,
              -23.02572065411108
            ],
            [
              -43.48147018011947,
              -23.025556881468653
            ],
            [
              -43.48058759692246,
              -23.025388399138677
            ],
            [
              -43.4802833775316,
              -23.02527012105373
            ],
            [
              -43.479838213968954,
              -23.025172816161163
            ],
            [
              -43.4794984161223,
              -23.02519274326487
            ],
            [
              -43.47936679796935,
              -23.025164339649553
            ],
            [
              -43.47922036991888,
              -23.02514936385603
            ],
            [
              -43.4789789692006,
              -23.025106337146568
            ],
            [
              -43.47862956630066,
              -23.02504212215283
            ],
            [
              -43.47830939670411,
              -23.02491252445441
            ],
            [
              -43.477735140229484,
              -23.02485490516018
            ],
            [
              -43.47713266104004,
              -23.024804453871308
            ],
            [
              -43.47639727686944,
              -23.024775048393696
            ],
            [
              -43.47548057987044,
              -23.024781103850046
            ],
            [
              -43.47563751918587,
              -23.024410500354456
            ],
            [
              -43.47694813463019,
              -23.024496562915836
            ],
            [
              -43.4776872949404,
              -23.02459865713051
            ],
            [
              -43.477822231532365,
              -23.024617589604656
            ],
            [
              -43.47788603793931,
              -23.0243056275489
            ],
            [
              -43.47815888630634,
              -23.024352905853146
            ],
            [
              -43.47822566809487,
              -23.024133998936808
            ],
            [
              -43.47948396907667,
              -23.024438868930172
            ],
            [
              -43.47952694945054,
              -23.024241673944793
            ],
            [
              -43.47971389822575,
              -23.02427892224083
            ],
            [
              -43.48097861922381,
              -23.02457601307406
            ],
            [
              -43.4809560245663,
              -23.024630070965888
            ],
            [
              -43.4812413242913,
              -23.024680300261025
            ],
            [
              -43.48126402854879,
              -23.024579960274345
            ],
            [
              -43.481381411280275,
              -23.0246070164004
            ],
            [
              -43.48140423472232,
              -23.024532607918868
            ],
            [
              -43.481565016219776,
              -23.024574856372332
            ],
            [
              -43.48146593969508,
              -23.02491312562977
            ],
            [
              -43.482569962569976,
              -23.025161170289472
            ],
            [
              -43.485669366665896,
              -23.02591679315692
            ],
            [
              -43.48558922427798,
              -23.026437340194395
            ],
            [
              -43.486003235662295,
              -23.026445023281926
            ],
            [
              -43.4860057175597,
              -23.026582729685146
            ],
            [
              -43.48542991170989,
              -23.0266628057046
            ],
            [
              -43.48506472029352,
              -23.026603492010395
            ],
            [
              -43.484331111421575,
              -23.02641412950804
            ],
            [
              -43.48341354611067,
              -23.026137414478317
            ],
            [
              -43.482708123236584,
              -23.025944593052134
            ]
          ]
        ]
      },
      "properties": {
        "objectid": 915,
        "cod_favela": 367,
        "nome": "Canal das Tachas",
        "bairro": "Recreio dos Bandeirantes",
        "complexo": "Canal das Tachas"
      }
    },
    {
      "type": "Feature",
      "id": 924,
      "geometry": {
        "type": "Polygon",
        "coordinates": [
          [
            [
              -43.51163836690245,
              -23.00931271203745
            ],
            [
              -43.51158573413858,
              -23.009218267238797
            ],
            [
              -43.511617236347455,
              -23.009045188534046
            ],
            [
              -43.5117177009866,
              -23.009027569177505
            ],
            [
              -43.51183689623941,
              -23.009038881507923
            ],
            [
              -43.51197623691315,
              -23.00907164731551
            ],
            [
              -43.51199348523927,
              -23.009115557087387
            ],
            [
              -43.512164386647555,
              -23.009258251318975
            ],
            [
              -43.512251598876716,
              -23.009351891998907
            ],
            [
              -43.5123955283709,
              -23.009394085913137
            ],
            [
              -43.51247284654159,
              -23.009658423664977
            ],
            [
              -43.51239210869421,
              -23.009705931922188
            ],
            [
              -43.51231991985198,
              -23.009705253555868
            ],
            [
              -43.51218417466193,
              -23.009648285398036
            ],
            [
              -43.51211461179759,
              -23.00977386941565
            ],
            [
              -43.51200919965283,
              -23.00987683801322
            ],
            [
              -43.51192080629054,
              -23.00989085822739
            ],
            [
              -43.51210717474682,
              -23.010170039951497
            ],
            [
              -43.51192909179634,
              -23.010232518152968
            ],
            [
              -43.51164738055175,
              -23.010318978094734
            ],
            [
              -43.511514709533316,
              -23.010347432848675
            ],
            [
              -43.511243860340564,
              -23.01043835088134
            ],
            [
              -43.51119604621286,
              -23.010322561535894
            ],
            [
              -43.51137204229973,
              -23.010190152329685
            ],
            [
              -43.51133348551633,
              -23.010048701824516
            ],
            [
              -43.511304977144306,
              -23.00997931807258
            ],
            [
              -43.511455307452245,
              -23.00991247218081
            ],
            [
              -43.51149152411928,
              -23.00990167440916
            ],
            [
              -43.511452111807706,
              -23.009838184940758
            ],
            [
              -43.5113797599639,
              -23.009852356589786
            ],
            [
              -43.51130122068005,
              -23.00969939179572
            ],
            [
              -43.51125439889113,
              -23.00958013926213
            ],
            [
              -43.51119407928921,
              -23.009594423079704
            ],
            [
              -43.51114177795964,
              -23.009570338732406
            ],
            [
              -43.51103496948703,
              -23.009619678289397
            ],
            [
              -43.5110035378952,
              -23.009556649418197
            ],
            [
              -43.51088515212553,
              -23.009602657611318
            ],
            [
              -43.51085420922537,
              -23.00949840541136
            ],
            [
              -43.5107617973622,
              -23.009547091771246
            ],
            [
              -43.5106451872519,
              -23.009618062749194
            ],
            [
              -43.51056937262235,
              -23.00950137581297
            ],
            [
              -43.51069440496211,
              -23.009437093227252
            ],
            [
              -43.51084760769444,
              -23.009367976451536
            ],
            [
              -43.510873778977306,
              -23.0094140853951
            ],
            [
              -43.511035543534085,
              -23.00934898029408
            ],
            [
              -43.51113912604397,
              -23.00930224933396
            ],
            [
              -43.511115594267686,
              -23.009257603941542
            ],
            [
              -43.51088575449642,
              -23.008801190174974
            ],
            [
              -43.511012156230464,
              -23.008710912731726
            ],
            [
              -43.51132976664628,
              -23.00918906007398
            ],
            [
              -43.511380601777425,
              -23.009264509662447
            ],
            [
              -43.51144970755912,
              -23.009227473628034
            ],
            [
              -43.511553413983556,
              -23.009378744987764
            ],
            [
              -43.51163836690245,
              -23.00931271203745
            ]
          ]
        ]
      },
      "properties": {
        "objectid": 924,
        "cod_favela": 387,
        "nome": "Estrada dos Bandeirantes, nº 29.192",
        "bairro": "Vargem Grande",
        "complexo": "Isolada"
      }
    },
    {
      "type": "Feature",
      "id": 927,
      "geometry": {
        "type": "MultiPolygon",
        "coordinates": [
          [
            [
              [
                -43.49708185516317,
                -22.985147990070747
              ],
              [
                -43.4970693523457,
                -22.984216282182853
              ],
              [
                -43.497043868932266,
                -22.984055503851092
              ],
              [
                -43.49704215390028,
                -22.983875075813863
              ],
              [
                -43.49722942245017,
                -22.983746209019266
              ],
              [
                -43.497392709425185,
                -22.984208207178188
              ],
              [
                -43.49747947492188,
                -22.984475086423725
              ],
              [
                -43.49754398463832,
                -22.984616613400053
              ],
              [
                -43.49760745707438,
                -22.984728028320568
              ],
              [
                -43.49771381759623,
                -22.984757714795553
              ],
              [
                -43.49775694154556,
                -22.98552605347737
              ],
              [
                -43.49773940064976,
                -22.98569461605626
              ],
              [
                -43.49762076042083,
                -22.985703203336147
              ],
              [
                -43.49747920774158,
                -22.98667690879971
              ],
              [
                -43.49744854276717,
                -22.987013311642777
              ],
              [
                -43.49752433517751,
                -22.98703162068675
              ],
              [
                -43.497568644743225,
                -22.987089427510078
              ],
              [
                -43.497549099610545,
                -22.987203332618524
              ],
              [
                -43.49745974310931,
                -22.987201884599926
              ],
              [
                -43.49747852551234,
                -22.987049714830878
              ],
              [
                -43.49709984612779,
                -22.987058868876655
              ],
              [
                -43.49708185516317,
                -22.985147990070747
              ]
            ]
          ],
          [
            [
              [
                -43.49689068077666,
                -22.99018822617106
              ],
              [
                -43.49689625095954,
                -22.98995398223939
              ],
              [
                -43.49687420478262,
                -22.989793899461002
              ],
              [
                -43.496831996624614,
                -22.989756645902855
              ],
              [
                -43.49679042679871,
                -22.989712135433145
              ],
              [
                -43.49657663638072,
                -22.989483246195732
              ],
              [
                -43.49661386481894,
                -22.98945431014777
              ],
              [
                -43.49685056011766,
                -22.98967089028497
              ],
              [
                -43.49696712012233,
                -22.989629001010297
              ],
              [
                -43.497028093828284,
                -22.989237996557232
              ],
              [
                -43.49711442069716,
                -22.988992497183606
              ],
              [
                -43.49701020816793,
                -22.988896694459775
              ],
              [
                -43.4970240636181,
                -22.988835806936176
              ],
              [
                -43.4971602170995,
                -22.98891132313647
              ],
              [
                -43.49714846087185,
                -22.98893184629181
              ],
              [
                -43.49721499004862,
                -22.988993451235018
              ],
              [
                -43.497219402769886,
                -22.98928920176818
              ],
              [
                -43.49718468989765,
                -22.98935703970733
              ],
              [
                -43.49722919028802,
                -22.989357636157507
              ],
              [
                -43.49721791726562,
                -22.98942343050751
              ],
              [
                -43.49717820438135,
                -22.98942284334511
              ],
              [
                -43.49714344744463,
                -22.989775463454436
              ],
              [
                -43.497075084688774,
                -22.99023554314482
              ],
              [
                -43.49710790962536,
                -22.99024294502798
              ],
              [
                -43.497070979476206,
                -22.9904934485002
              ],
              [
                -43.49703734577054,
                -22.990486931224446
              ],
              [
                -43.496914887767105,
                -22.991222716583888
              ],
              [
                -43.496820698231694,
                -22.99153871875639
              ],
              [
                -43.496835167609945,
                -22.991545244791517
              ],
              [
                -43.49681435931527,
                -22.99160191099153
              ],
              [
                -43.49680174881922,
                -22.991602293462396
              ],
              [
                -43.496747986449364,
                -22.991782663580096
              ],
              [
                -43.49671054930629,
                -22.991940961716054
              ],
              [
                -43.49652648600277,
                -22.992345791292067
              ],
              [
                -43.496421583639226,
                -22.992295979691708
              ],
              [
                -43.496480955892096,
                -22.99217206421972
              ],
              [
                -43.49650853296959,
                -22.99206249205861
              ],
              [
                -43.496543679488255,
                -22.99198008286632
              ],
              [
                -43.496567444102666,
                -22.99189668779554
              ],
              [
                -43.49661269145797,
                -22.99172391623768
              ],
              [
                -43.49651799635167,
                -22.99169663258447
              ],
              [
                -43.49660645516617,
                -22.99142922324156
              ],
              [
                -43.496463390290515,
                -22.991395541518315
              ],
              [
                -43.49647265214692,
                -22.991367301009646
              ],
              [
                -43.49666799435129,
                -22.99072399454304
              ],
              [
                -43.49670889567278,
                -22.990727936508783
              ],
              [
                -43.49676750542598,
                -22.99057852193061
              ],
              [
                -43.496847648135635,
                -22.990579230947645
              ],
              [
                -43.49689068077666,
                -22.99018822617106
              ]
            ]
          ]
        ]
      },
      "properties": {
        "objectid": 927,
        "cod_favela": 390,
        "nome": "Rio Morto",
        "bairro": "Vargem Grande",
        "complexo": "Isolada"
      }
    },
    {
      "type": "Feature",
      "id": 925,
      "geometry": {
        "type": "Polygon",
        "coordinates": [
          [
            [
              -43.51261610602993,
              -23.01146088961349
            ],
            [
              -43.51289757662285,
              -23.01140313810376
            ],
            [
              -43.51298114329001,
              -23.011543097375206
            ],
            [
              -43.51312539809399,
              -23.011675558084992
            ],
            [
              -43.513189192813115,
              -23.011743064826046
            ],
            [
              -43.513278611800885,
              -23.011837366961142
            ],
            [
              -43.51336608270246,
              -23.011880203006605
            ],
            [
              -43.51355575086353,
              -23.011916121587014
            ],
            [
              -43.5137906862741,
              -23.011962967462676
            ],
            [
              -43.513952219962256,
              -23.011977613697802
            ],
            [
              -43.51399140939753,
              -23.011979944096602
            ],
            [
              -43.51388056240247,
              -23.01276039076052
            ],
            [
              -43.51383931493827,
              -23.012755048027092
            ],
            [
              -43.51383420170613,
              -23.012887264431825
            ],
            [
              -43.51376356870132,
              -23.012884409360627
            ],
            [
              -43.51341795094162,
              -23.012841775664853
            ],
            [
              -43.51316581814776,
              -23.012797087789586
            ],
            [
              -43.513092620520325,
              -23.0127599426534
            ],
            [
              -43.51318769214772,
              -23.01262691313807
            ],
            [
              -43.51318543186164,
              -23.012574373956948
            ],
            [
              -43.5131274099074,
              -23.012529986482242
            ],
            [
              -43.513070008626386,
              -23.012582061878565
            ],
            [
              -43.51289077049858,
              -23.012448953637957
            ],
            [
              -43.512834294993866,
              -23.012397812529198
            ],
            [
              -43.51291592200167,
              -23.012317128748755
            ],
            [
              -43.512842692961726,
              -23.01226917454684
            ],
            [
              -43.51262823160461,
              -23.012424714303492
            ],
            [
              -43.512398074063455,
              -23.01245931434735
            ],
            [
              -43.51153450585774,
              -23.012826702602432
            ],
            [
              -43.51120105433485,
              -23.012967990754387
            ],
            [
              -43.51108123161248,
              -23.013029885942352
            ],
            [
              -43.510851281884044,
              -23.01312950285339
            ],
            [
              -43.51072240951065,
              -23.013170002365626
            ],
            [
              -43.5103699052105,
              -23.013283095243622
            ],
            [
              -43.51027924951681,
              -23.013310916445512
            ],
            [
              -43.51025646585419,
              -23.013270080145578
            ],
            [
              -43.510207292783186,
              -23.013281564848644
            ],
            [
              -43.510195485722,
              -23.0132596015954
            ],
            [
              -43.510106300492126,
              -23.01330765761116
            ],
            [
              -43.51011892766568,
              -23.013346443961623
            ],
            [
              -43.51002772690162,
              -23.01338497461503
            ],
            [
              -43.51000862745174,
              -23.013343153328446
            ],
            [
              -43.50996778993374,
              -23.013356003377805
            ],
            [
              -43.51002131157694,
              -23.013469384847955
            ],
            [
              -43.50987832787311,
              -23.013543623593815
            ],
            [
              -43.50988363335622,
              -23.013605885622418
            ],
            [
              -43.50981631319162,
              -23.013624367499137
            ],
            [
              -43.50984845179207,
              -23.013814792385226
            ],
            [
              -43.50975894506382,
              -23.013818629738132
            ],
            [
              -43.50975963759051,
              -23.013606512800404
            ],
            [
              -43.509691037000195,
              -23.01366738088772
            ],
            [
              -43.50962612362632,
              -23.01372422770505
            ],
            [
              -43.50956828699753,
              -23.013742152124408
            ],
            [
              -43.509421311735835,
              -23.013802330859143
            ],
            [
              -43.50929420270475,
              -23.01384874319876
            ],
            [
              -43.50930365395711,
              -23.014009849343154
            ],
            [
              -43.509324919190256,
              -23.01410102906162
            ],
            [
              -43.509250832258246,
              -23.014092551762808
            ],
            [
              -43.509255298274056,
              -23.01417106854122
            ],
            [
              -43.509219161742955,
              -23.01417072819906
            ],
            [
              -43.50914287498687,
              -23.0140700919716
            ],
            [
              -43.509101172431635,
              -23.01408660937186
            ],
            [
              -43.508986894439495,
              -23.014023455443475
            ],
            [
              -43.50893102230133,
              -23.014043534928923
            ],
            [
              -43.50887494222715,
              -23.013918175206232
            ],
            [
              -43.508844469445,
              -23.01393052472105
            ],
            [
              -43.508735746338225,
              -23.013953511036767
            ],
            [
              -43.5087361769987,
              -23.013996244847686
            ],
            [
              -43.50869876969827,
              -23.013997815178413
            ],
            [
              -43.508696252960114,
              -23.013961926399027
            ],
            [
              -43.50860846358726,
              -23.013980819988998
            ],
            [
              -43.5085814721781,
              -23.013991902650453
            ],
            [
              -43.508548005345844,
              -23.01391852054832
            ],
            [
              -43.50857926747861,
              -23.013905725158295
            ],
            [
              -43.508572599167806,
              -23.013888575122913
            ],
            [
              -43.508894565416306,
              -23.013760313340565
            ],
            [
              -43.50902585179975,
              -23.013688024472543
            ],
            [
              -43.508991604506726,
              -23.013448744690507
            ],
            [
              -43.50936448241361,
              -23.013334089327873
            ],
            [
              -43.50966893775172,
              -23.013250301760433
            ],
            [
              -43.510385824146205,
              -23.012969218693513
            ],
            [
              -43.51027126240572,
              -23.012762347081825
            ],
            [
              -43.51034276792229,
              -23.01273139964043
            ],
            [
              -43.51046431153919,
              -23.01293844437729
            ],
            [
              -43.51070883433622,
              -23.01284256862486
            ],
            [
              -43.511572116468436,
              -23.012501442606673
            ],
            [
              -43.512708961548235,
              -23.01204734201104
            ],
            [
              -43.51286299401874,
              -23.011970011790954
            ],
            [
              -43.51299242254978,
              -23.011912798727856
            ],
            [
              -43.51296087236892,
              -23.01183963505745
            ],
            [
              -43.51291405344549,
              -23.011756860425432
            ],
            [
              -43.51270144289333,
              -23.01182350450895
            ],
            [
              -43.51270891179114,
              -23.011865113272307
            ],
            [
              -43.51264629479285,
              -23.011909010441055
            ],
            [
              -43.512598241009094,
              -23.01173876405279
            ],
            [
              -43.512702820110775,
              -23.011683753471534
            ],
            [
              -43.51261610602993,
              -23.01146088961349
            ]
          ]
        ]
      },
      "properties": {
        "objectid": 925,
        "cod_favela": 388,
        "nome": "A.M. do Rio Bonito",
        "bairro": "Vargem Grande",
        "complexo": "Isolada"
      }
    }
  ]
}
